stb->k,time,curX,curY,curZ,refX,refY,refZ,oldX,oldY,oldZ
16,1626666109164184000,0.006378,0.000494,0.000096,0.006378,0.000494,0.000096,-0.000528,0.000353,0.000029
17,1626666109197510000,-0.005947,0.000032,-0.000002,-0.005947,0.000032,-0.000002,-0.000822,0.000350,0.000027
18,1626666109230835000,-0.019369,-0.000444,-0.000380,-0.019369,-0.000444,-0.000380,-0.001113,0.000348,0.000025
19,1626666109264161000,-0.023028,0.000430,-0.000421,-0.023028,0.000430,-0.000421,-0.001398,0.000346,0.000024
20,1626666109297487000,-0.016397,-0.000450,-0.000074,-0.016397,-0.000450,-0.000074,-0.001664,0.000344,0.000022
21,1626666109330813000,-0.001690,0.000313,-0.000002,-0.001690,0.000313,-0.000002,-0.001909,0.000343,0.000021
22,1626666109364138000,0.008605,0.000558,0.000279,0.008605,0.000558,0.000279,-0.002134,0.000341,0.000020
23,1626666109397464000,0.009493,0.000375,0.000334,0.009493,0.000375,0.000334,-0.002350,0.000339,0.000020
24,1626666109430790000,0.001035,0.000583,0.000105,0.001035,0.000583,0.000105,-0.002553,0.000337,0.000019
25,1626666109464115000,-0.013558,-0.000070,-0.000067,-0.013558,-0.000070,-0.000067,-0.002742,0.000335,0.000019
26,1626666109497441000,-0.022444,0.000218,-0.000210,-0.022444,0.000218,-0.000210,-0.002934,0.000333,0.000019
27,1626666109530767000,-0.021010,0.000203,-0.000239,-0.021010,0.000203,-0.000239,-0.003124,0.000331,0.000020
28,1626666109564093000,-0.009225,-0.000108,0.000075,-0.009225,-0.000108,0.000075,-0.003311,0.000329,0.000020
29,1626666109597419000,0.004715,0.000397,0.000242,0.004715,0.000397,0.000242,-0.003484,0.000326,0.000021
30,1626666109630744000,0.010228,0.000568,0.000449,0.010228,0.000568,0.000449,-0.003636,0.000323,0.000023
31,1626666109664070000,0.006632,0.000348,0.000431,0.006632,0.000348,0.000431,-0.003767,0.000320,0.000025
32,1626666109697396000,-0.006134,0.000042,0.000166,-0.006134,0.000042,0.000166,-0.003912,0.000317,0.000028
33,1626666109730722000,-0.020188,-0.000197,-0.000016,-0.020188,-0.000197,-0.000016,-0.004064,0.000313,0.000031
34,1626666109764047000,-0.023459,-0.000151,-0.000157,-0.023459,-0.000151,-0.000157,-0.004218,0.000309,0.000035
35,1626666109797373000,-0.016646,-0.000124,0.000227,-0.016646,-0.000124,0.000227,-0.004366,0.000305,0.000039
36,1626666109830699000,-0.001389,-0.000284,0.000460,-0.001389,-0.000284,0.000460,-0.004500,0.000301,0.000043
37,1626666109864024000,0.009249,0.000150,0.000717,0.009249,0.000150,0.000717,-0.004618,0.000297,0.000048
38,1626666109897350000,0.010084,0.000342,0.000785,0.010084,0.000342,0.000785,-0.004734,0.000292,0.000054
39,1626666109930676000,0.001182,-0.000182,0.000558,0.001182,-0.000182,0.000558,-0.004841,0.000287,0.000060
40,1626666109964002000,-0.014084,-0.000283,0.000379,-0.014084,-0.000283,0.000379,-0.004939,0.000282,0.000067
41,1626666109997327000,-0.023078,-0.000227,0.000186,-0.023078,-0.000227,0.000186,-0.005047,0.000277,0.000074
42,1626666110030653000,-0.021436,-0.000247,0.000261,-0.021436,-0.000247,0.000261,-0.005157,0.000271,0.000082
43,1626666110063979000,-0.009111,-0.000365,0.000491,-0.009111,-0.000365,0.000491,-0.005267,0.000265,0.000090
44,1626666110097305000,0.005230,-0.000170,0.000758,0.005230,-0.000170,0.000758,-0.005361,0.000259,0.000098
45,1626666110130631000,0.010711,0.000217,0.000970,0.010711,0.000217,0.000970,-0.005434,0.000253,0.000108
46,1626666110163956000,0.006876,0.000020,0.000895,0.006876,0.000020,0.000895,-0.005489,0.000246,0.000118
47,1626666110197282000,-0.006383,-0.000458,0.000649,-0.006383,-0.000458,0.000649,-0.005556,0.000239,0.000128
48,1626666110230608000,-0.020181,-0.000457,0.000512,-0.020181,-0.000457,0.000512,-0.005632,0.000233,0.000139
49,1626666110263934000,-0.023415,-0.000320,0.000426,-0.023415,-0.000320,0.000426,-0.005712,0.000226,0.000150
50,1626666110297259000,-0.016513,-0.000363,0.000687,-0.016513,-0.000363,0.000687,-0.005785,0.000218,0.000162
51,1626666110330585000,-0.001137,-0.000697,0.000908,-0.001137,-0.000697,0.000908,-0.005846,0.000211,0.000174
52,1626666110363911000,0.009269,0.000115,0.001167,0.009269,0.000115,0.001167,-0.005896,0.000204,0.000186
53,1626666110397236000,0.009943,-0.000012,0.001226,0.009943,-0.000012,0.001226,-0.005941,0.000197,0.000199
54,1626666110430562000,0.000852,-0.000529,0.001051,0.000852,-0.000529,0.001051,-0.005981,0.000189,0.000213
55,1626666110463888000,-0.014403,-0.000110,0.000646,-0.014403,-0.000110,0.000646,-0.006016,0.000181,0.000226
56,1626666110497213000,-0.023306,-0.000273,0.000569,-0.023306,-0.000273,0.000569,-0.006059,0.000173,0.000240
57,1626666110530539000,-0.021461,-0.000809,0.000707,-0.021461,-0.000809,0.000707,-0.006107,0.000165,0.000254
58,1626666110563865000,-0.008976,-0.000332,0.000878,-0.008976,-0.000332,0.000878,-0.006159,0.000156,0.000269
59,1626666110597191000,0.005264,-0.000098,0.001122,0.005264,-0.000098,0.001122,-0.006193,0.000147,0.000284
60,1626666110630516000,0.010624,-0.000350,0.001325,0.010624,-0.000350,0.001325,-0.006210,0.000137,0.000300
61,1626666110663843000,0.006653,0.000319,0.001190,0.006653,0.000319,0.001190,-0.006211,0.000128,0.000316
62,1626666110697168000,-0.006651,-0.000991,0.001033,-0.006651,-0.000991,0.001033,-0.006219,0.000117,0.000333
63,1626666110730494000,-0.020258,-0.000711,0.000842,-0.020258,-0.000711,0.000842,-0.006235,0.000105,0.000352
64,1626666110763820000,-0.023388,0.000030,0.000901,-0.023388,0.000030,0.000901,-0.006257,0.000093,0.000370
65,1626666110797145000,-0.016216,-0.000773,0.000853,-0.016216,-0.000773,0.000853,-0.006227,0.000080,0.000391
66,1626666110830471000,-0.001027,-0.001720,0.001292,-0.001027,-0.001720,0.001292,-0.006141,0.000066,0.000413
67,1626666110863797000,0.009431,-0.000189,0.001669,0.009431,-0.000189,0.001669,-0.006002,0.000051,0.000436
68,1626666110897123000,0.010531,-0.000991,0.001644,0.010531,-0.000991,0.001644,-0.005740,0.000034,0.000463
69,1626666110930448000,0.001151,-0.001092,0.001874,0.001151,-0.001092,0.001874,-0.005350,0.000015,0.000492
70,1626666110963774000,-0.013964,-0.000909,0.001660,-0.013964,-0.000909,0.001660,-0.004844,-0.000006,0.000523
71,1626666110997100000,-0.021903,-0.002094,0.001530,-0.021903,-0.002094,0.001530,-0.004191,-0.000030,0.000556
72,1626666111030425000,-0.016392,-0.001708,0.002013,-0.016392,-0.001708,0.002013,-0.003393,-0.000056,0.000593
73,1626666111063751000,0.003960,-0.001645,0.002389,0.003960,-0.001645,0.002389,-0.002474,-0.000082,0.000631
74,1626666111097077000,0.032939,-0.001653,0.002819,0.032939,-0.001653,0.002819,-0.001387,-0.000111,0.000672
75,1626666111130403000,0.058343,-0.002048,0.003525,0.058343,-0.002048,0.003525,-0.000158,-0.000141,0.000714
76,1626666111163728000,0.070268,-0.003967,0.003916,0.070268,-0.003967,0.003916,0.001177,-0.000171,0.000758
77,1626666111197054000,0.065222,-0.005356,0.003942,0.065222,-0.005356,0.003942,0.002617,-0.000203,0.000804
78,1626666111230380000,0.052229,-0.004117,0.003988,0.052229,-0.004117,0.003988,0.004126,-0.000235,0.000851
79,1626666111263706000,0.049285,-0.001764,0.003338,0.049285,-0.001764,0.003338,0.005667,-0.000268,0.000898
80,1626666111297032000,0.056523,-0.003659,0.003800,0.056523,-0.003659,0.003800,0.007310,-0.000300,0.000947
81,1626666111330357000,0.071662,-0.003094,0.003802,0.071662,-0.003094,0.003802,0.009005,-0.000332,0.000998
82,1626666111363683000,0.081645,-0.002427,0.003883,0.081645,-0.002427,0.003883,0.010715,-0.000361,0.001048
83,1626666111397009000,0.082154,-0.002676,0.003884,0.082154,-0.002676,0.003884,0.012665,-0.000388,0.001103
84,1626666111430334000,0.072680,-0.002924,0.003627,0.072680,-0.002924,0.003627,0.014807,-0.000410,0.001163
85,1626666111463660000,0.057413,-0.003345,0.003302,0.057413,-0.003345,0.003302,0.017093,-0.000427,0.001225
86,1626666111496986000,0.048891,-0.003442,0.003224,0.048891,-0.003442,0.003224,0.021588,-0.000366,0.001404
87,1626666111530312000,0.051022,-0.002875,0.003232,0.051022,-0.002875,0.003232,0.028465,-0.000218,0.001699
88,1626666111563637000,0.063712,-0.002794,0.003608,0.063712,-0.002794,0.003608,0.037534,0.000010,0.002098
89,1626666111596963000,0.078488,-0.000673,0.004330,0.078488,-0.000673,0.004330,0.048539,0.000300,0.002591
90,1626666111630289000,0.088036,0.002944,0.004751,0.088036,0.002944,0.004751,0.061306,0.000652,0.003171
91,1626666111663614000,0.113987,0.003626,0.006558,0.113987,0.003626,0.006558,0.075493,0.001055,0.003821
92,1626666111696940000,0.170612,0.004259,0.008182,0.170612,0.004259,0.008182,0.090874,0.001495,0.004532
93,1626666111730266000,0.247206,0.005135,0.010277,0.247206,0.005135,0.010277,0.106931,0.001960,0.005285
94,1626666111763592000,0.312692,0.005100,0.012512,0.312692,0.005100,0.012512,0.123196,0.002435,0.006060
95,1626666111796918000,0.357823,0.006603,0.014243,0.357823,0.006603,0.014243,0.139329,0.002888,0.006810
96,1626666111830243000,0.382755,0.004820,0.014829,0.382755,0.004820,0.014829,0.154725,0.003301,0.007521
97,1626666111863569000,0.393875,0.007831,0.014485,0.393875,0.007831,0.014485,0.169160,0.003670,0.008186
98,1626666111896895000,0.396041,0.004845,0.014651,0.396041,0.004845,0.014651,0.183273,0.004010,0.008814
99,1626666111930221000,0.386246,0.001941,0.013325,0.386246,0.001941,0.013325,0.196593,0.004312,0.009398
100,1626666111963546000,0.370886,0.000021,0.012994,0.370886,0.000021,0.012994,0.209003,0.004575,0.009941
101,1626666111996872000,0.362482,0.000844,0.012655,0.362482,0.000844,0.012655,0.221094,0.004814,0.010452
102,1626666112030198000,0.364703,0.000678,0.012287,0.364703,0.000678,0.012287,0.232460,0.005023,0.010925
103,1626666112063523000,0.377219,-0.000992,0.012537,0.377219,-0.000992,0.012537,0.243004,0.005202,0.011363
104,1626666112096849000,0.391294,-0.000471,0.012334,0.391294,-0.000471,0.012334,0.253312,0.005363,0.011774
105,1626666112130175000,0.395895,0.000991,0.012629,0.395895,0.000991,0.012629,0.263005,0.005500,0.012154
106,1626666112163501000,0.391431,-0.000172,0.012426,0.391431,-0.000172,0.012426,0.271989,0.005614,0.012505
107,1626666112196826000,0.377630,-0.000954,0.011987,0.377630,-0.000954,0.011987,0.280798,0.005712,0.012833
108,1626666112230152000,0.364057,-0.000453,0.011923,0.364057,-0.000453,0.011923,0.289048,0.005793,0.013135
109,1626666112263478000,0.361421,-0.000374,0.011702,0.361421,-0.000374,0.011702,0.296648,0.005856,0.013413
110,1626666112296803000,0.368971,-0.001178,0.011993,0.368971,-0.001178,0.011993,0.304146,0.005906,0.013672
111,1626666112330130000,0.384204,-0.000661,0.012439,0.384204,-0.000661,0.012439,0.311175,0.005942,0.013910
112,1626666112363455000,0.393981,-0.000027,0.012819,0.393981,-0.000027,0.012819,0.317642,0.005965,0.014129
113,1626666112396781000,0.394291,-0.000527,0.013003,0.394291,-0.000527,0.013003,0.323988,0.005977,0.014332
114,1626666112430107000,0.384646,-0.000756,0.012838,0.384646,-0.000756,0.012838,0.329898,0.005978,0.014517
115,1626666112463433000,0.369365,-0.001238,0.012934,0.369365,-0.001238,0.012934,0.335301,0.005969,0.014686
116,1626666112496758000,0.361358,-0.000527,0.012647,0.361358,-0.000527,0.012647,0.340555,0.005950,0.014841
117,1626666112530084000,0.363472,-0.000454,0.013133,0.363472,-0.000454,0.013133,0.345407,0.005923,0.014982
118,1626666112563410000,0.376373,-0.001558,0.013268,0.376373,-0.001558,0.013268,0.349809,0.005890,0.015110
119,1626666112596735000,0.390154,-0.000831,0.013417,0.390154,-0.000831,0.013417,0.354081,0.005849,0.015226
120,1626666112630061000,0.394794,-0.000631,0.013670,0.394794,-0.000631,0.013670,0.358020,0.005803,0.015330
121,1626666112663387000,0.390203,-0.001076,0.013613,0.390203,-0.001076,0.013613,0.361587,0.005754,0.015423
122,1626666112696712000,0.376478,-0.001204,0.013312,0.376478,-0.001204,0.013312,0.364995,0.005697,0.015507
123,1626666112730038000,0.363303,-0.001367,0.013160,0.363303,-0.001367,0.013160,0.368087,0.005637,0.015580
124,1626666112763364000,0.360801,-0.001146,0.013054,0.360801,-0.001146,0.013054,0.370842,0.005576,0.015645
125,1626666112796690000,0.368587,-0.001189,0.013373,0.368587,-0.001189,0.013373,0.373461,0.005508,0.015701
126,1626666112830015000,0.383884,0.000076,0.014259,0.383884,0.000076,0.014259,0.375830,0.005438,0.015749
127,1626666112863341000,0.393559,0.001819,0.014127,0.393559,0.001819,0.014127,0.377934,0.005368,0.015790
128,1626666112896667000,0.393843,-0.000560,0.013730,0.393843,-0.000560,0.013730,0.379905,0.005293,0.015823
129,1626666112929993000,0.383702,-0.000531,0.013691,0.383702,-0.000531,0.013691,0.381655,0.005216,0.015850
130,1626666112963319000,0.368518,-0.000391,0.013405,0.368518,-0.000391,0.013405,0.383182,0.005139,0.015871
131,1626666112996644000,0.360529,-0.000958,0.013200,0.360529,-0.000958,0.013200,0.384562,0.005058,0.015885
132,1626666113029970000,0.362911,-0.000745,0.013064,0.362911,-0.000745,0.013064,0.385741,0.004976,0.015892
133,1626666113063296000,0.375495,-0.000801,0.013599,0.375495,-0.000801,0.013599,0.386722,0.004896,0.015895
134,1626666113096622000,0.389115,-0.000668,0.013662,0.389115,-0.000668,0.013662,0.387475,0.004814,0.015891
135,1626666113129947000,0.393191,-0.000401,0.013633,0.393191,-0.000401,0.013633,0.387957,0.004735,0.015882
136,1626666113163273000,0.387959,-0.000728,0.013568,0.387959,-0.000728,0.013568,0.388181,0.004661,0.015867
137,1626666113196599000,0.373713,-0.000887,0.013145,0.373713,-0.000887,0.013145,0.385238,0.004357,0.016174
138,1626666113229924000,0.360148,-0.000587,0.012940,0.360148,-0.000587,0.012940,0.378739,0.003806,0.016806
139,1626666113263250000,0.356840,-0.000360,0.012629,0.356840,-0.000360,0.012629,0.368903,0.003030,0.017731
140,1626666113296576000,0.362031,-0.000194,0.012622,0.362031,-0.000194,0.012622,0.355853,0.002268,0.018613
141,1626666113329902000,0.367568,0.000261,0.012407,0.367568,0.000261,0.012407,0.339587,0.001542,0.019444
142,1626666113363227000,0.350722,0.001591,0.012409,0.350722,0.001591,0.012409,0.320516,0.000854,0.020229
143,1626666113396553000,0.309413,0.005008,0.012002,0.309413,0.005008,0.012002,0.299047,0.000170,0.020981
144,1626666113429879000,0.243824,0.004262,0.010985,0.243824,0.004262,0.010985,0.275716,-0.000490,0.021691
145,1626666113463205000,0.152847,0.003560,0.009435,0.152847,0.003560,0.009435,0.251198,-0.001121,0.022360
146,1626666113496531000,0.063889,0.001141,0.007670,0.063889,0.001141,0.007670,0.226006,-0.001744,0.022994
147,1626666113529856000,-0.007920,-0.002161,0.005899,-0.007920,-0.002161,0.005899,0.201163,-0.002337,0.023576
148,1626666113563182000,-0.049697,-0.007931,0.004513,-0.049697,-0.007931,0.004513,0.177419,-0.002886,0.024102
149,1626666113596508000,-0.067323,-0.011653,0.002470,-0.067323,-0.011653,0.002470,0.154548,-0.003399,0.024555
150,1626666113629833000,-0.073221,-0.009404,0.001541,-0.073221,-0.009404,0.001541,0.133277,-0.003861,0.024934
151,1626666113663159000,-0.076951,-0.005997,0.002665,-0.076951,-0.005997,0.002665,0.113734,-0.004273,0.025251
152,1626666113696485000,-0.090154,0.001752,0.003272,-0.090154,0.001752,0.003272,0.094992,-0.004655,0.025505
153,1626666113729811000,-0.102206,-0.002346,0.002320,-0.102206,-0.002346,0.002320,0.077615,-0.004996,0.025700
154,1626666113763136000,-0.104261,-0.005040,0.001885,-0.104261,-0.005040,0.001885,0.061688,-0.005299,0.025846
155,1626666113796462000,-0.096855,-0.000931,0.002612,-0.096855,-0.000931,0.002612,0.046465,-0.005576,0.025939
156,1626666113829788000,-0.081368,-0.001664,0.002369,-0.081368,-0.001664,0.002369,0.032417,-0.005822,0.025985
157,1626666113863113000,-0.072545,-0.003040,0.002673,-0.072545,-0.003040,0.002673,0.019604,-0.006037,0.025993
158,1626666113896439000,-0.072642,-0.001772,0.002782,-0.072642,-0.001772,0.002782,0.007327,-0.006230,0.025955
159,1626666113929765000,-0.082376,-0.002152,0.002325,-0.082376,-0.002152,0.002325,-0.003984,-0.006398,0.025882
160,1626666113963091000,-0.097720,-0.003669,0.002459,-0.097720,-0.003669,0.002459,-0.014266,-0.006541,0.025780
161,1626666113996416000,-0.104957,-0.003107,0.001987,-0.104957,-0.003107,0.001987,-0.024179,-0.006668,0.025640
162,1626666114029742000,-0.102081,-0.000656,0.002367,-0.102081,-0.000656,0.002367,-0.033302,-0.006774,0.025473
163,1626666114063068000,-0.089053,-0.000848,0.003104,-0.089053,-0.000848,0.003104,-0.041569,-0.006863,0.025285
164,1626666114096394000,-0.075483,-0.001180,0.002534,-0.075483,-0.001180,0.002534,-0.049515,-0.006939,0.025065
165,1626666114129720000,-0.071360,-0.002073,0.002904,-0.071360,-0.002073,0.002904,-0.056776,-0.006999,0.024824
166,1626666114163045000,-0.076151,-0.000316,0.003432,-0.076151,-0.000316,0.003432,-0.063297,-0.007046,0.024570
167,1626666114196371000,-0.089905,0.001500,0.003377,-0.089905,0.001500,0.003377,-0.069538,-0.007080,0.024290
168,1626666114229697000,-0.102464,-0.000981,0.002485,-0.102464,-0.000981,0.002485,-0.075217,-0.007104,0.023995
169,1626666114263022000,-0.104508,-0.002746,0.002284,-0.104508,-0.002746,0.002284,-0.080296,-0.007117,0.023692
170,1626666114296348000,-0.096483,-0.001541,0.002851,-0.096483,-0.001541,0.002851,-0.085087,-0.007120,0.023367
171,1626666114329674000,-0.081011,-0.000794,0.003002,-0.081011,-0.000794,0.003002,-0.089382,-0.007113,0.023034
172,1626666114363000000,-0.072075,-0.000281,0.003232,-0.072075,-0.000281,0.003232,-0.093165,-0.007100,0.022698
173,1626666114396325000,-0.072354,-0.001262,0.003240,-0.072354,-0.001262,0.003240,-0.096687,-0.007077,0.022345
174,1626666114429651000,-0.082228,-0.000701,0.002980,-0.082228,-0.000701,0.002980,-0.099804,-0.007047,0.021987
175,1626666114462977000,-0.097531,0.000456,0.002980,-0.097531,0.000456,0.002980,-0.102513,-0.007012,0.021629
176,1626666114496302000,-0.104434,-0.002607,0.002502,-0.104434,-0.002607,0.002502,-0.104994,-0.006968,0.021258
177,1626666114529628000,-0.101662,-0.000910,0.002930,-0.101662,-0.000910,0.002930,-0.107150,-0.006919,0.020887
178,1626666114562954000,-0.088586,0.000613,0.003280,-0.088586,0.000613,0.003280,-0.108989,-0.006866,0.020518
179,1626666114596280000,-0.075053,-0.000645,0.003546,-0.075053,-0.000645,0.003546,-0.110554,-0.006804,0.020140
180,1626666114629606000,-0.071050,-0.000443,0.003752,-0.071050,-0.000443,0.003752,-0.111788,-0.006737,0.019765
181,1626666114662932000,-0.076136,0.000291,0.003658,-0.076136,0.000291,0.003658,-0.112713,-0.006667,0.019395
182,1626666114696257000,-0.089951,-0.000281,0.003343,-0.089951,-0.000281,0.003343,-0.111000,-0.006775,0.018753
183,1626666114729583000,-0.102289,-0.000027,0.003176,-0.102289,-0.000027,0.003176,-0.106318,-0.007082,0.017846
184,1626666114762909000,-0.104022,0.000263,0.003146,-0.104022,0.000263,0.003146,-0.098851,-0.007575,0.016705
185,1626666114796234000,-0.095513,0.000713,0.003456,-0.095513,0.000713,0.003456,-0.088015,-0.007864,0.015847
186,1626666114829560000,-0.079364,0.001552,0.003798,-0.079364,0.001552,0.003798,-0.073692,-0.007923,0.015290
187,1626666114862886000,-0.067414,0.002358,0.004154,-0.067414,0.002358,0.004154,-0.056233,-0.007773,0.015003
188,1626666114896211000,-0.053207,0.002956,0.004569,-0.053207,0.002956,0.004569,-0.036002,-0.007468,0.014930
189,1626666114929537000,-0.007274,0.001864,0.005469,-0.007274,0.001864,0.005469,-0.013406,-0.007012,0.015069
190,1626666114962863000,0.071238,0.005190,0.008476,0.071238,0.005190,0.008476,0.010942,-0.006431,0.015382
191,1626666114996189000,0.160545,0.004771,0.012516,0.160545,0.004771,0.012516,0.036610,-0.005759,0.015825
192,1626666115029514000,0.246729,0.006118,0.013343,0.246729,0.006118,0.013343,0.062663,-0.005024,0.016369
193,1626666115062840000,0.306901,0.007398,0.015416,0.306901,0.007398,0.015416,0.088305,-0.004266,0.016970
194,1626666115096166000,0.341423,0.012961,0.016302,0.341423,0.012961,0.016302,0.113239,-0.003537,0.017530
195,1626666115129491000,0.359441,0.009984,0.016690,0.359441,0.009984,0.016690,0.136669,-0.002861,0.018046
196,1626666115162818000,0.365811,0.007755,0.015837,0.365811,0.007755,0.015837,0.158430,-0.002240,0.018523
197,1626666115196143000,0.361985,0.007450,0.015559,0.361985,0.007450,0.015559,0.179571,-0.001642,0.018966
198,1626666115229469000,0.359924,0.008297,0.016044,0.359924,0.008297,0.016044,0.199473,-0.001086,0.019373
199,1626666115262795000,0.373592,0.008257,0.016354,0.373592,0.008257,0.016354,0.218007,-0.000575,0.019750
200,1626666115296121000,0.399825,0.007822,0.017014,0.399825,0.007822,0.017014,0.236053,-0.000085,0.020098
201,1626666115329446000,0.437916,0.008831,0.018320,0.437916,0.008831,0.018320,0.253081,0.000367,0.020418
202,1626666115362772000,0.474431,0.011073,0.019120,0.474431,0.011073,0.019120,0.268965,0.000780,0.020713
203,1626666115396098000,0.496036,0.012306,0.019781,0.496036,0.012306,0.019781,0.284464,0.001173,0.020984
204,1626666115429423000,0.499148,0.011165,0.020137,0.499148,0.011165,0.020137,0.299070,0.001533,0.021232
205,1626666115462749000,0.487841,0.011874,0.020153,0.487841,0.011874,0.020153,0.312662,0.001857,0.021458
206,1626666115496075000,0.479616,0.010699,0.020574,0.479616,0.010699,0.020574,0.325978,0.002163,0.021665
207,1626666115529401000,0.482845,0.005768,0.019592,0.482845,0.005768,0.019592,0.338511,0.002438,0.021852
208,1626666115562726000,0.495960,0.003628,0.019416,0.495960,0.003628,0.019416,0.350135,0.002682,0.022021
209,1626666115596052000,0.508891,0.003508,0.020046,0.508891,0.003508,0.020046,0.361564,0.002911,0.022174
210,1626666115629378000,0.512352,0.003526,0.020258,0.512352,0.003526,0.020258,0.372318,0.003114,0.022310
211,1626666115662703000,0.506790,0.002395,0.020024,0.506790,0.002395,0.020024,0.382276,0.003291,0.022432
212,1626666115696030000,0.492503,0.001775,0.019829,0.492503,0.001775,0.019829,0.392028,0.003454,0.022539
213,1626666115729355000,0.480045,0.001295,0.019632,0.480045,0.001295,0.019632,0.401147,0.003596,0.022633
214,1626666115762681000,0.478544,-0.000316,0.019274,0.478544,-0.000316,0.019274,0.409533,0.003718,0.022715
215,1626666115796007000,0.487130,-0.000463,0.019588,0.487130,-0.000463,0.019588,0.417754,0.003828,0.022785
216,1626666115829332000,0.502690,-0.001005,0.019709,0.502690,-0.001005,0.019709,0.425433,0.003924,0.022844
217,1626666115862658000,0.511563,-0.001186,0.019335,0.511563,-0.001186,0.019335,0.432481,0.004004,0.022894
218,1626666115895984000,0.510451,-0.000803,0.019821,0.510451,-0.000803,0.019821,0.439373,0.004076,0.022933
219,1626666115929310000,0.499955,-0.000700,0.019749,0.499955,-0.000700,0.019749,0.445773,0.004138,0.022963
220,1626666115962635000,0.485221,-0.001153,0.019341,0.485221,-0.001153,0.019341,0.451611,0.004189,0.022984
221,1626666115995961000,0.478507,-0.001495,0.019208,0.478507,-0.001495,0.019208,0.457268,0.004234,0.022996
222,1626666116029287000,0.481715,-0.000370,0.019483,0.481715,-0.000370,0.019483,0.462475,0.004271,0.022999
223,1626666116062612000,0.495490,-0.001842,0.019818,0.495490,-0.001842,0.019818,0.467182,0.004301,0.022995
224,1626666116095938000,0.508474,0.000899,0.020018,0.508474,0.000899,0.020018,0.471704,0.004326,0.022982
225,1626666116129264000,0.512097,0.002647,0.019181,0.512097,0.002647,0.019181,0.475823,0.004345,0.022962
226,1626666116162590000,0.506369,0.001092,0.019214,0.506369,0.001092,0.019214,0.479502,0.004360,0.022937
227,1626666116195915000,0.491486,0.001934,0.018405,0.491486,0.001934,0.018405,0.482910,0.004369,0.022902
228,1626666116229241000,0.478137,0.002731,0.017933,0.478137,0.002731,0.017933,0.485880,0.004373,0.022860
229,1626666116262567000,0.475412,0.000594,0.017985,0.475412,0.000594,0.017985,0.488405,0.004375,0.022813
230,1626666116295893000,0.482945,0.001977,0.018171,0.482945,0.001977,0.018171,0.490381,0.004360,0.022772
231,1626666116329219000,0.494741,0.002389,0.018039,0.494741,0.002389,0.018039,0.491655,0.004329,0.022738
232,1626666116362544000,0.498132,0.002681,0.018005,0.498132,0.002681,0.018005,0.492253,0.004284,0.022713
233,1626666116395870000,0.490687,0.003020,0.017901,0.490687,0.003020,0.017901,0.487272,0.004010,0.023005
234,1626666116429196000,0.472318,0.002995,0.017578,0.472318,0.002995,0.017578,0.475988,0.003490,0.023620
235,1626666116462521000,0.449226,0.002852,0.017103,0.449226,0.002852,0.017103,0.458781,0.002742,0.024524
236,1626666116495847000,0.429850,0.002141,0.016072,0.429850,0.002141,0.016072,0.436533,0.001804,0.025691
237,1626666116529173000,0.407291,0.000041,0.015577,0.407291,0.000041,0.015577,0.409373,0.000684,0.027102
238,1626666116562499000,0.384105,0.001796,0.015646,0.384105,0.001796,0.015646,0.378088,-0.000585,0.028715
239,1626666116595824000,0.339933,-0.002419,0.014434,0.339933,-0.002419,0.014434,0.343492,-0.001980,0.030487
240,1626666116629150000,0.268101,0.000544,0.013530,0.268101,0.000544,0.013530,0.306634,-0.003454,0.032366
241,1626666116662476000,0.172525,0.000536,0.012104,0.172525,0.000536,0.012104,0.268722,-0.004953,0.034289
242,1626666116695801000,0.066958,0.000298,0.011273,0.066958,0.000298,0.011273,0.230751,-0.006316,0.035994
243,1626666116729127000,-0.027821,0.006725,0.012572,-0.027821,0.006725,0.012572,0.194370,-0.007497,0.037465
244,1626666116762453000,-0.054239,0.027229,0.019369,-0.054239,0.027229,0.019369,0.160563,-0.008510,0.038729
245,1626666116795779000,-0.053360,0.021200,0.012201,-0.053360,0.021200,0.012201,0.128535,-0.009447,0.039853
246,1626666116829105000,-0.033860,-0.019243,0.001942,-0.033860,-0.019243,0.001942,0.099315,-0.010283,0.040833
247,1626666116862431000,-0.037610,-0.001937,0.008118,-0.037610,-0.001937,0.008118,0.072984,-0.011023,0.041688
248,1626666116895756000,-0.041854,0.007414,0.008142,-0.041854,0.007414,0.008142,0.048246,-0.011700,0.042423
249,1626666116929082000,-0.054055,-0.005019,0.007089,-0.054055,-0.005019,0.007089,0.025834,-0.012299,0.043040
250,1626666116962408000,-0.069968,-0.003457,0.006775,-0.069968,-0.003457,0.006775,0.005771,-0.012823,0.043557
251,1626666116995733000,-0.076388,-0.000029,0.007002,-0.076388,-0.000029,0.007002,-0.012896,-0.013293,0.043974
252,1626666117029059000,-0.073030,-0.003044,0.007258,-0.073030,-0.003044,0.007258,-0.029661,-0.013700,0.044297
253,1626666117062385000,-0.059673,-0.002521,0.007301,-0.059673,-0.002521,0.007301,-0.044549,-0.014052,0.044540
254,1626666117095710000,-0.047048,-0.002153,0.007728,-0.047048,-0.002153,0.007728,-0.058129,-0.014362,0.044697
255,1626666117129036000,-0.043932,-0.002026,0.007784,-0.043932,-0.002026,0.007784,-0.070139,-0.014624,0.044778
256,1626666117162362000,-0.050199,-0.002711,0.007888,-0.050199,-0.002711,0.007888,-0.080656,-0.014845,0.044798
257,1626666117195688000,-0.065009,-0.003025,0.007474,-0.065009,-0.003025,0.007474,-0.090378,-0.015031,0.044744
258,1626666117229013000,-0.077024,-0.002748,0.007279,-0.077024,-0.002748,0.007279,-0.098956,-0.015182,0.044630
259,1626666117262339000,-0.078280,-0.003196,0.007261,-0.078280,-0.003196,0.007261,-0.106404,-0.015303,0.044471
260,1626666117295665000,-0.069311,-0.003156,0.007468,-0.069311,-0.003156,0.007468,-0.113165,-0.015395,0.044249
261,1626666117328990000,-0.054122,-0.002998,0.007517,-0.054122,-0.002998,0.007517,-0.118994,-0.015461,0.043981
262,1626666117362316000,-0.045928,-0.003248,0.007715,-0.045928,-0.003248,0.007715,-0.123924,-0.015506,0.043681
263,1626666117395642000,-0.047107,-0.002792,0.007803,-0.047107,-0.002792,0.007803,-0.128257,-0.015528,0.043329
264,1626666117428968000,-0.058005,-0.003595,0.007416,-0.058005,-0.003595,0.007416,-0.131860,-0.015531,0.042943
265,1626666117462294000,-0.072775,-0.003939,0.007054,-0.072775,-0.003939,0.007054,-0.134782,-0.015519,0.042535
266,1626666117495620000,-0.079013,-0.003525,0.007148,-0.079013,-0.003525,0.007148,-0.137191,-0.015488,0.042085
267,1626666117528945000,-0.075013,-0.004246,0.007189,-0.075013,-0.004246,0.007189,-0.139041,-0.015444,0.041612
268,1626666117562271000,-0.061152,-0.003871,0.007354,-0.061152,-0.003871,0.007354,-0.140392,-0.015389,0.041126
269,1626666117595597000,-0.048289,-0.003489,0.007720,-0.048289,-0.003489,0.007720,-0.141281,-0.015317,0.040605
270,1626666117628922000,-0.045198,-0.003278,0.007912,-0.045198,-0.003278,0.007912,-0.141732,-0.015234,0.040071
271,1626666117662248000,-0.051013,-0.003655,0.007790,-0.051013,-0.003655,0.007790,-0.141817,-0.015143,0.039532
272,1626666117695574000,-0.065289,-0.004112,0.007627,-0.065289,-0.004112,0.007627,-0.141538,-0.015037,0.038965
273,1626666117728900000,-0.076934,-0.003660,0.007527,-0.076934,-0.003660,0.007527,-0.140967,-0.014923,0.038392
274,1626666117762225000,-0.077758,-0.003803,0.007619,-0.077758,-0.003803,0.007619,-0.140176,-0.014803,0.037819
275,1626666117795551000,-0.068422,-0.003584,0.008096,-0.068422,-0.003584,0.008096,-0.139063,-0.014670,0.037225
276,1626666117828877000,-0.053320,-0.002297,0.008395,-0.053320,-0.002297,0.008395,-0.137733,-0.014531,0.036629
277,1626666117862202000,-0.045243,-0.001122,0.008635,-0.045243,-0.001122,0.008635,-0.136262,-0.014389,0.036039
278,1626666117895528000,-0.046489,-0.000451,0.008865,-0.046489,-0.000451,0.008865,-0.134536,-0.014236,0.035433
279,1626666117928854000,-0.057337,-0.000711,0.008702,-0.057337,-0.000711,0.008702,-0.132684,-0.014079,0.034829
280,1626666117962180000,-0.071919,-0.001413,0.008472,-0.071919,-0.001413,0.008472,-0.130779,-0.013922,0.034234
281,1626666117995506000,-0.077970,-0.000648,0.008569,-0.077970,-0.000648,0.008569,-0.128680,-0.013756,0.033627
282,1626666118028831000,-0.073858,-0.001079,0.008594,-0.073858,-0.001079,0.008594,-0.126524,-0.013588,0.033025
283,1626666118062157000,-0.060117,-0.000644,0.008942,-0.060117,-0.000644,0.008942,-0.124378,-0.013423,0.032435
284,1626666118095483000,-0.047469,-0.000379,0.008890,-0.047469,-0.000379,0.008890,-0.122060,-0.013249,0.031836
285,1626666118128809000,-0.044551,-0.000697,0.009404,-0.044551,-0.000697,0.009404,-0.119716,-0.013074,0.031247
286,1626666118162134000,-0.050460,-0.000982,0.009176,-0.050460,-0.000982,0.009176,-0.117411,-0.012904,0.030670
287,1626666118195460000,-0.064797,-0.001208,0.008737,-0.064797,-0.001208,0.008737,-0.115001,-0.012726,0.030088
288,1626666118228786000,-0.076315,-0.000818,0.008713,-0.076315,-0.000818,0.008713,-0.112629,-0.012548,0.029517
289,1626666118262111000,-0.077078,-0.001252,0.008754,-0.077078,-0.001252,0.008754,-0.110350,-0.012375,0.028960
290,1626666118295437000,-0.067711,-0.000961,0.009049,-0.067711,-0.000961,0.009049,-0.107976,-0.012196,0.028401
291,1626666118328763000,-0.052505,-0.001298,0.009111,-0.052505,-0.001298,0.009111,-0.105644,-0.012017,0.027854
292,1626666118362089000,-0.044413,-0.001391,0.009419,-0.044413,-0.001391,0.009419,-0.103405,-0.011844,0.027323
293,1626666118395414000,-0.045829,-0.000683,0.009698,-0.045829,-0.000683,0.009698,-0.101108,-0.011664,0.026791
294,1626666118428740000,-0.056984,-0.001043,0.009467,-0.056984,-0.001043,0.009467,-0.098883,-0.011487,0.026274
295,1626666118462066000,-0.071674,-0.001286,0.009340,-0.071674,-0.001286,0.009340,-0.096773,-0.011314,0.025772
296,1626666118495391000,-0.077597,-0.000939,0.009294,-0.077597,-0.000939,0.009294,-0.094635,-0.011137,0.025272
297,1626666118528718000,-0.073461,-0.000910,0.009593,-0.073461,-0.000910,0.009593,-0.092583,-0.010962,0.024786
298,1626666118562043000,-0.059377,-0.001128,0.009853,-0.059377,-0.001128,0.009853,-0.090656,-0.010793,0.024316
299,1626666118595369000,-0.046759,-0.000854,0.010128,-0.046759,-0.000854,0.010128,-0.088695,-0.010620,0.023848
300,1626666118628695000,-0.044123,-0.000606,0.010529,-0.044123,-0.000606,0.010529,-0.086808,-0.010449,0.023395
301,1626666118662020000,-0.050325,-0.000738,0.010372,-0.050325,-0.000738,0.010372,-0.085028,-0.010285,0.022958
302,1626666118695346000,-0.064734,-0.001204,0.010214,-0.064734,-0.001204,0.010214,-0.083257,-0.010116,0.022524
303,1626666118728672000,-0.075889,-0.000934,0.010230,-0.075889,-0.000934,0.010230,-0.081587,-0.009951,0.022105
304,1626666118761998000,-0.076492,-0.001077,0.010203,-0.076492,-0.001077,0.010203,-0.080044,-0.009792,0.021700
305,1626666118795323000,-0.066754,-0.001348,0.010493,-0.066754,-0.001348,0.010493,-0.078494,-0.009629,0.021300
306,1626666118828649000,-0.051660,-0.001446,0.010611,-0.051660,-0.001446,0.010611,-0.077018,-0.009467,0.020914
307,1626666118861975000,-0.043899,-0.000723,0.010918,-0.043899,-0.000723,0.010918,-0.075638,-0.009311,0.020543
308,1626666118895300000,-0.045299,-0.000713,0.010776,-0.045299,-0.000713,0.010776,-0.073936,-0.009160,0.020163
309,1626666118928626000,-0.056586,-0.001330,0.010559,-0.056586,-0.001330,0.010559,-0.071938,-0.009022,0.019782
310,1626666118961952000,-0.071320,-0.001434,0.010483,-0.071320,-0.001434,0.010483,-0.069685,-0.008898,0.019402
311,1626666118995278000,-0.077099,-0.001005,0.010383,-0.077099,-0.001005,0.010383,-0.062409,-0.008901,0.018848
312,1626666119028603000,-0.072754,-0.000853,0.010656,-0.072754,-0.000853,0.010656,-0.049558,-0.009050,0.018126
313,1626666119061930000,-0.058581,-0.000538,0.010982,-0.058581,-0.000538,0.010982,-0.031484,-0.009335,0.017254
314,1626666119095255000,-0.045590,0.000656,0.011171,-0.045590,0.000656,0.011171,-0.008849,-0.009732,0.016239
315,1626666119128581000,-0.039056,0.002353,0.011610,-0.039056,0.002353,0.011610,0.018148,-0.010245,0.015100
316,1626666119161907000,-0.018350,0.006832,0.014249,-0.018350,0.006832,0.014249,0.048776,-0.010855,0.013861
317,1626666119195232000,0.053769,0.011924,0.019097,0.053769,0.011924,0.019097,0.082423,-0.011546,0.012530
318,1626666119228558000,0.171664,0.005361,0.022008,0.171664,0.005361,0.022008,0.118027,-0.012297,0.011142
319,1626666119261884000,0.290558,0.000550,0.020787,0.290558,0.000550,0.020787,0.154417,-0.013080,0.009735
320,1626666119295209000,0.383781,-0.001585,0.023482,0.383781,-0.001585,0.023482,0.190613,-0.013765,0.008483
321,1626666119328535000,0.452779,-0.007397,0.022608,0.452779,-0.007397,0.022608,0.225099,-0.014331,0.007401
322,1626666119361861000,0.480749,-0.005386,0.024157,0.480749,-0.005386,0.024157,0.257051,-0.014791,0.006468
323,1626666119395187000,0.479739,-0.003392,0.024769,0.479739,-0.003392,0.024769,0.287300,-0.015200,0.005627
324,1626666119428512000,0.468610,0.005145,0.026018,0.468610,0.005145,0.026018,0.314896,-0.015551,0.004885
325,1626666119461838000,0.454200,0.003626,0.025206,0.454200,0.003626,0.025206,0.339765,-0.015848,0.004228
326,1626666119495164000,0.448014,-0.000527,0.024026,0.448014,-0.000527,0.024026,0.363090,-0.016105,0.003650
327,1626666119528489000,0.452422,-0.003230,0.023994,0.452422,-0.003230,0.023994,0.384201,-0.016317,0.003154
328,1626666119561815000,0.466433,-0.001063,0.024310,0.466433,-0.001063,0.024310,0.403086,-0.016492,0.002726
329,1626666119595141000,0.478685,-0.000665,0.024808,0.478685,-0.000665,0.024808,0.420483,-0.016617,0.002356
330,1626666119628467000,0.481207,-0.001267,0.024850,0.481207,-0.001267,0.024850,0.436047,-0.016707,0.002051
331,1626666119661793000,0.474583,-0.002175,0.024517,0.474583,-0.002175,0.024517,0.449848,-0.016770,0.001802
332,1626666119695119000,0.459995,-0.003324,0.024196,0.459995,-0.003324,0.024196,0.462240,-0.016776,0.001590
333,1626666119728444000,0.448735,-0.003151,0.024189,0.448735,-0.003151,0.024189,0.473125,-0.016754,0.001430
334,1626666119761770000,0.448502,-0.003026,0.023889,0.448502,-0.003026,0.023889,0.482624,-0.016717,0.001316
335,1626666119795096000,0.458418,-0.004184,0.024425,0.458418,-0.004184,0.024425,0.491421,-0.016662,0.001256
336,1626666119828421000,0.473213,-0.004388,0.024853,0.473213,-0.004388,0.024853,0.499183,-0.016595,0.001241
337,1626666119861747000,0.480544,-0.003348,0.025348,0.480544,-0.003348,0.025348,0.505917,-0.016521,0.001262
338,1626666119895073000,0.478821,-0.005189,0.025080,0.478821,-0.005189,0.025080,0.512042,-0.016431,0.001329
339,1626666119928399000,0.467126,-0.005481,0.024651,0.467126,-0.005481,0.024651,0.517327,-0.016333,0.001430
340,1626666119961724000,0.452346,-0.004342,0.024674,0.452346,-0.004342,0.024674,0.521798,-0.016230,0.001559
341,1626666119995050000,0.447014,-0.005211,0.024440,0.447014,-0.005211,0.024440,0.525720,-0.016114,0.001725
342,1626666120028376000,0.451695,-0.005368,0.024540,0.451695,-0.005368,0.024540,0.528970,-0.015993,0.001919
343,1626666120061701000,0.465818,-0.004741,0.024967,0.465818,-0.004741,0.024967,0.531594,-0.015871,0.002131
344,1626666120095027000,0.478006,-0.005012,0.025194,0.478006,-0.005012,0.025194,0.533758,-0.015737,0.002376
345,1626666120128353000,0.480470,-0.004636,0.025156,0.480470,-0.004636,0.025156,0.535419,-0.015601,0.002640
346,1626666120161679000,0.473936,-0.004523,0.025185,0.473936,-0.004523,0.025185,0.536633,-0.015466,0.002917
347,1626666120195005000,0.459138,-0.003461,0.025250,0.459138,-0.003461,0.025250,0.537424,-0.015322,0.003221
348,1626666120228330000,0.448368,-0.004548,0.025111,0.448368,-0.004548,0.025111,0.537815,-0.015177,0.003538
349,1626666120261656000,0.448061,-0.004051,0.025035,0.448061,-0.004051,0.025035,0.537872,-0.015034,0.003862
350,1626666120294982000,0.458192,-0.005310,0.025109,0.458192,-0.005310,0.025109,0.537594,-0.014885,0.004208
351,1626666120328308000,0.473013,-0.005571,0.025275,0.473013,-0.005571,0.025275,0.537048,-0.014735,0.004563
352,1626666120361633000,0.480377,-0.004340,0.025496,0.480377,-0.004340,0.025496,0.536301,-0.014589,0.004922
353,1626666120394959000,0.478538,-0.004838,0.025590,0.478538,-0.004838,0.025590,0.535266,-0.014437,0.005297
354,1626666120428285000,0.466889,-0.005004,0.025459,0.466889,-0.005004,0.025459,0.534040,-0.014287,0.005678
355,1626666120461610000,0.452394,-0.004589,0.025271,0.452394,-0.004589,0.025271,0.532693,-0.014142,0.006058
356,1626666120494936000,0.447164,-0.005066,0.025123,0.447164,-0.005066,0.025123,0.531078,-0.013993,0.006451
357,1626666120528262000,0.451931,-0.005035,0.025193,0.451931,-0.005035,0.025193,0.529314,-0.013848,0.006845
358,1626666120561588000,0.466182,-0.004752,0.025629,0.466182,-0.004752,0.025629,0.527469,-0.013709,0.007235
359,1626666120594913000,0.478138,-0.004763,0.025785,0.478138,-0.004763,0.025785,0.523632,-0.013707,0.007835
360,1626666120628239000,0.480424,-0.005178,0.025794,0.480424,-0.005178,0.025794,0.517701,-0.013864,0.008636
361,1626666120661565000,0.473359,-0.005398,0.025657,0.473359,-0.005398,0.025657,0.509854,-0.014169,0.009611
362,1626666120694890000,0.458544,-0.005705,0.025283,0.458544,-0.005705,0.025283,0.494639,-0.014840,0.011123
363,1626666120728216000,0.447306,-0.006383,0.025038,0.447306,-0.006383,0.025038,0.471441,-0.015908,0.013158
364,1626666120761542000,0.445502,-0.006558,0.024647,0.445502,-0.006558,0.024647,0.440828,-0.017342,0.015659
365,1626666120794868000,0.447625,-0.007558,0.024774,0.447625,-0.007558,0.024774,0.402888,-0.018712,0.018071
366,1626666120828194000,0.431381,-0.009683,0.024850,0.431381,-0.009683,0.024850,0.357882,-0.019983,0.020360
367,1626666120861519000,0.378939,-0.008757,0.023184,0.378939,-0.008757,0.023184,0.306813,-0.021157,0.022533
368,1626666120894845000,0.296901,-0.011013,0.022035,0.296901,-0.011013,0.022035,0.250455,-0.022165,0.024462
369,1626666120928171000,0.191337,-0.007716,0.020682,0.191337,-0.007716,0.020682,0.190206,-0.022969,0.026116
370,1626666120961497000,0.068388,-0.008063,0.018923,0.068388,-0.008063,0.018923,0.127552,-0.023577,0.027517
371,1626666120994822000,-0.065001,-0.003855,0.017910,-0.065001,-0.003855,0.017910,0.063329,-0.023805,0.028371
372,1626666121028148000,-0.189836,-0.002970,0.015886,-0.189836,-0.002970,0.015886,-0.000042,-0.023667,0.028733
373,1626666121061474000,-0.286420,0.000376,0.014586,-0.286420,0.000376,0.014586,-0.060827,-0.023271,0.028752
374,1626666121094799000,-0.342021,0.000600,0.014057,-0.342021,0.000600,0.014057,-0.118195,-0.022866,0.028742
375,1626666121128125000,-0.360770,-0.003769,0.013150,-0.360770,-0.003769,0.013150,-0.170271,-0.022470,0.028705
376,1626666121161451000,-0.369668,-0.007226,0.012183,-0.369668,-0.007226,0.012183,-0.216939,-0.022089,0.028648
377,1626666121194777000,-0.384679,0.001037,0.013188,-0.384679,0.001037,0.013188,-0.259752,-0.021643,0.028608
378,1626666121228102000,-0.394461,0.001375,0.012429,-0.394461,0.001375,0.012429,-0.298011,-0.021195,0.028550
379,1626666121261428000,-0.393833,-0.003704,0.012128,-0.393833,-0.003704,0.012128,-0.331928,-0.020764,0.028475
380,1626666121294753000,-0.384077,-0.000975,0.012912,-0.384077,-0.000975,0.012912,-0.362086,-0.020274,0.028417
381,1626666121328079000,-0.369099,0.000368,0.012646,-0.369099,0.000368,0.012646,-0.388509,-0.019789,0.028344
382,1626666121361405000,-0.361994,-0.002367,0.013073,-0.361994,-0.002367,0.013073,-0.411585,-0.019326,0.028254
383,1626666121394731000,-0.364199,-0.000421,0.013072,-0.364199,-0.000421,0.013072,-0.431484,-0.018802,0.028187
384,1626666121428057000,-0.375910,-0.000404,0.012648,-0.375910,-0.000404,0.012648,-0.448534,-0.018286,0.028106
385,1626666121461382000,-0.390237,-0.001794,0.012640,-0.390237,-0.001794,0.012640,-0.463142,-0.017796,0.028010
386,1626666121494708000,-0.395020,-0.000461,0.012512,-0.395020,-0.000461,0.012512,-0.475696,-0.017261,0.027927
387,1626666121528034000,-0.389968,0.000071,0.012588,-0.389968,0.000071,0.012588,-0.486274,-0.016739,0.027830
388,1626666121561359000,-0.375342,-0.000787,0.012995,-0.375342,-0.000787,0.012995,-0.495128,-0.016247,0.027720
389,1626666121594685000,-0.363684,0.000195,0.013158,-0.363684,0.000195,0.013158,-0.502862,-0.015759,0.027588
390,1626666121628011000,-0.361689,0.000963,0.013230,-0.361689,0.000963,0.013230,-0.509249,-0.015296,0.027442
391,1626666121661337000,-0.368676,0.000255,0.013145,-0.368676,0.000255,0.013145,-0.514389,-0.014861,0.027286
392,1626666121694662000,-0.383298,-0.000136,0.012838,-0.383298,-0.000136,0.012838,-0.518593,-0.014430,0.027111
393,1626666121727988000,-0.393492,0.000859,0.012651,-0.393492,0.000859,0.012651,-0.521784,-0.014020,0.026927
394,1626666121761314000,-0.393261,0.000159,0.012725,-0.393261,0.000159,0.012725,-0.524078,-0.013634,0.026736
395,1626666121794639000,-0.382786,0.000326,0.012985,-0.382786,0.000326,0.012985,-0.525549,-0.013249,0.026531
396,1626666121827965000,-0.368019,0.001013,0.013127,-0.368019,0.001013,0.013127,-0.526245,-0.012881,0.026319
397,1626666121861291000,-0.361236,0.000926,0.013420,-0.361236,0.000926,0.013420,-0.526297,-0.012532,0.026104
398,1626666121894617000,-0.363594,0.001124,0.013456,-0.363594,0.001124,0.013456,-0.525793,-0.012181,0.025877
399,1626666121927943000,-0.375428,0.000577,0.013062,-0.375428,0.000577,0.013062,-0.524886,-0.011842,0.025646
400,1626666121961268000,-0.389750,0.000410,0.012959,-0.389750,0.000410,0.012959,-0.523705,-0.011518,0.025414
401,1626666121994594000,-0.394468,0.000666,0.012820,-0.394468,0.000666,0.012820,-0.522397,-0.011189,0.025170
402,1626666122027920000,-0.389258,0.000177,0.013060,-0.389258,0.000177,0.013060,-0.521196,-0.010869,0.024921
403,1626666122061246000,-0.375109,0.003216,0.013592,-0.375109,0.003216,0.013592,-0.520196,-0.010561,0.024672
404,1626666122094571000,-0.364546,0.006792,0.013376,-0.364546,0.006792,0.013376,-0.519318,-0.010243,0.024411
405,1626666122127897000,-0.365648,0.000095,0.012996,-0.365648,0.000095,0.012996,-0.518799,-0.009928,0.024146
406,1626666122161223000,-0.397341,0.007781,0.012919,-0.397341,0.007781,0.012919,-0.518679,-0.009619,0.023880
407,1626666122194548000,-0.465341,0.002251,0.012587,-0.465341,0.002251,0.012587,-0.518803,-0.009300,0.023604
408,1626666122227874000,-0.555637,0.009989,0.012310,-0.555637,0.009989,0.012310,-0.519349,-0.008982,0.023325
409,1626666122261200000,-0.634782,0.010405,0.010812,-0.634782,0.010405,0.010812,-0.520298,-0.008669,0.023046
410,1626666122294526000,-0.663986,0.009439,0.009788,-0.663986,0.009439,0.009788,-0.521425,-0.008346,0.022759
411,1626666122327851000,-0.646274,0.001675,0.008479,-0.646274,0.001675,0.008479,-0.522853,-0.008023,0.022471
412,1626666122361177000,-0.641033,0.013768,0.009461,-0.641033,0.013768,0.009461,-0.524556,-0.007707,0.022185
413,1626666122394503000,-0.642291,0.017222,0.009634,-0.642291,0.017222,0.009634,-0.526406,-0.007380,0.021893
414,1626666122427828000,-0.654122,0.016384,0.008602,-0.654122,0.016384,0.008602,-0.528481,-0.007055,0.021601
415,1626666122461155000,-0.668531,0.012100,0.008397,-0.668531,0.012100,0.008397,-0.530749,-0.006737,0.021314
416,1626666122494480000,-0.672361,0.014509,0.008327,-0.672361,0.014509,0.008327,-0.533171,-0.006409,0.021022
417,1626666122527806000,-0.667318,0.015312,0.008821,-0.667318,0.015312,0.008821,-0.535756,-0.006084,0.020732
418,1626666122561132000,-0.652930,0.014848,0.008834,-0.652930,0.014848,0.008834,-0.538458,-0.005768,0.020448
419,1626666122594457000,-0.641333,0.012773,0.009184,-0.641333,0.012773,0.009184,-0.541325,-0.005442,0.020160
420,1626666122627783000,-0.639455,0.015149,0.009250,-0.639455,0.015149,0.009250,-0.544289,-0.005121,0.019875
421,1626666122661109000,-0.646911,0.016625,0.009036,-0.646911,0.016625,0.009036,-0.547289,-0.004809,0.019597
422,1626666122694435000,-0.661653,0.015463,0.008805,-0.661653,0.015463,0.008805,-0.550529,-0.004487,0.019316
423,1626666122727760000,-0.671742,0.015893,0.008827,-0.671742,0.015893,0.008827,-0.553852,-0.004171,0.019040
424,1626666122761086000,-0.671144,0.013187,0.008567,-0.671144,0.013187,0.008567,-0.557172,-0.003864,0.018770
425,1626666122794412000,-0.660135,0.012685,0.008831,-0.660135,0.012685,0.008831,-0.560725,-0.003547,0.018499
426,1626666122827737000,-0.645612,0.015613,0.009056,-0.645612,0.015613,0.009056,-0.564291,-0.003236,0.018233
427,1626666122861063000,-0.639201,0.015898,0.009309,-0.639201,0.015898,0.009309,-0.567776,-0.002932,0.017974
428,1626666122894389000,-0.641682,0.013922,0.009341,-0.641682,0.013922,0.009341,-0.571451,-0.002618,0.017714
429,1626666122927715000,-0.653867,0.014379,0.008918,-0.653867,0.014379,0.008918,-0.575095,-0.002310,0.017461
430,1626666122961041000,-0.667974,0.015432,0.008750,-0.667974,0.015432,0.008750,-0.578619,-0.002011,0.017215
431,1626666122994367000,-0.672252,0.014867,0.008752,-0.672252,0.014867,0.008752,-0.582286,-0.001705,0.016970
432,1626666123027693000,-0.666786,0.014441,0.008751,-0.666786,0.014441,0.008751,-0.585879,-0.001405,0.016731
433,1626666123061018000,-0.652283,0.014926,0.009198,-0.652283,0.014926,0.009198,-0.589322,-0.001114,0.016500
434,1626666123094344000,-0.640917,0.015478,0.009422,-0.640917,0.015478,0.009422,-0.592844,-0.000816,0.016271
435,1626666123127670000,-0.639180,0.015397,0.009608,-0.639180,0.015397,0.009608,-0.596246,-0.000524,0.016048
436,1626666123160996000,-0.646709,0.015018,0.009465,-0.646709,0.015018,0.009465,-0.599463,-0.000242,0.015834
437,1626666123194321000,-0.661489,0.015056,0.009248,-0.661489,0.015056,0.009248,-0.602750,0.000048,0.015621
438,1626666123227647000,-0.671358,0.015277,0.009302,-0.671358,0.015277,0.009302,-0.605927,0.000330,0.015415
439,1626666123260973000,-0.670771,0.014742,0.009347,-0.670771,0.014742,0.009347,-0.608933,0.000602,0.015217
440,1626666123294298000,-0.659813,0.014352,0.009633,-0.659813,0.014352,0.009633,-0.611959,0.000880,0.015021
441,1626666123327624000,-0.645345,0.014983,0.010043,-0.645345,0.014983,0.010043,-0.614839,0.001152,0.014832
442,1626666123360950000,-0.638857,0.015380,0.010069,-0.638857,0.015380,0.010069,-0.617527,0.001413,0.014651
443,1626666123394276000,-0.641750,0.014730,0.010297,-0.641750,0.014730,0.010297,-0.620222,0.001680,0.014472
444,1626666123427601000,-0.653841,0.014518,0.009786,-0.653841,0.014518,0.009786,-0.622782,0.001939,0.014300
445,1626666123460927000,-0.667924,0.015206,0.009800,-0.667924,0.015206,0.009800,-0.625168,0.002189,0.014135
446,1626666123494253000,-0.672173,0.014937,0.009767,-0.672173,0.014937,0.009767,-0.627546,0.002443,0.013974
447,1626666123527578000,-0.666419,0.014825,0.009786,-0.666419,0.014825,0.009786,-0.629791,0.002691,0.013819
448,1626666123560905000,-0.651884,0.014904,0.010151,-0.651884,0.014904,0.010151,-0.631872,0.002928,0.013672
449,1626666123594230000,-0.640618,0.015987,0.010147,-0.640618,0.015987,0.010147,-0.633908,0.003170,0.013529
450,1626666123627556000,-0.639002,0.015895,0.010467,-0.639002,0.015895,0.010467,-0.635798,0.003405,0.013394
451,1626666123660882000,-0.646445,0.015261,0.010319,-0.646445,0.015261,0.010319,-0.637518,0.003628,0.013267
452,1626666123694208000,-0.660970,0.014347,0.010360,-0.660970,0.014347,0.010360,-0.639210,0.003854,0.013145
453,1626666123727533000,-0.670014,0.013416,0.010135,-0.670014,0.013416,0.010135,-0.640787,0.004071,0.013031
454,1626666123760859000,-0.669099,0.015055,0.010512,-0.669099,0.015055,0.010512,-0.642229,0.004276,0.012924
455,1626666123794185000,-0.657677,0.015697,0.011101,-0.657677,0.015697,0.011101,-0.643609,0.004480,0.012823
456,1626666123827510000,-0.642297,0.013672,0.011610,-0.642297,0.013672,0.011610,-0.644856,0.004675,0.012729
457,1626666123860836000,-0.635157,0.012816,0.012192,-0.635157,0.012816,0.012192,-0.645958,0.004858,0.012642
458,1626666123894162000,-0.637564,0.013763,0.012339,-0.637564,0.013763,0.012339,-0.646996,0.005039,0.012559
459,1626666123927487000,-0.649037,0.014003,0.012431,-0.649037,0.014003,0.012431,-0.647918,0.005209,0.012483
460,1626666123960813000,-0.662248,0.012524,0.012245,-0.662248,0.012524,0.012245,-0.648717,0.005366,0.012412
461,1626666123994139000,-0.665656,0.011106,0.012164,-0.665656,0.011106,0.012164,-0.649441,0.005520,0.012346
462,1626666124027465000,-0.658835,0.010027,0.012248,-0.658835,0.010027,0.012248,-0.650046,0.005662,0.012285
463,1626666124060790000,-0.643249,0.010264,0.012414,-0.643249,0.010264,0.012414,-0.650533,0.005791,0.012229
464,1626666124094116000,-0.630994,0.010894,0.012680,-0.630994,0.010894,0.012680,-0.650910,0.005917,0.012176
465,1626666124127442000,-0.627696,0.009649,0.012808,-0.627696,0.009649,0.012808,-0.651156,0.006032,0.012128
466,1626666124160768000,-0.633483,0.008217,0.012634,-0.633483,0.008217,0.012634,-0.651277,0.006137,0.012085
467,1626666124194094000,-0.645796,0.007184,0.012355,-0.645796,0.007184,0.012355,-0.651316,0.006240,0.012044
468,1626666124227419000,-0.652829,0.006849,0.012296,-0.652829,0.006849,0.012296,-0.651265,0.006335,0.012008
469,1626666124260745000,-0.648595,0.006350,0.012257,-0.648595,0.006350,0.012257,-0.651128,0.006421,0.011976
470,1626666124294071000,-0.633630,0.005344,0.012534,-0.633630,0.005344,0.012534,-0.650889,0.006507,0.011948
471,1626666124327397000,-0.615858,0.005944,0.012522,-0.615858,0.005944,0.012522,-0.650557,0.006586,0.011924
472,1626666124360722000,-0.608005,0.007207,0.012585,-0.608005,0.007207,0.012585,-0.650147,0.006660,0.011902
473,1626666124394048000,-0.609832,0.007048,0.012721,-0.609832,0.007048,0.012721,-0.649564,0.006735,0.011886
474,1626666124427374000,-0.621537,0.006995,0.012542,-0.621537,0.006995,0.012542,-0.648815,0.006807,0.011875
475,1626666124460699000,-0.635130,0.007508,0.012370,-0.635130,0.007508,0.012370,-0.647925,0.006875,0.011868
476,1626666124494025000,-0.638785,0.007919,0.012275,-0.638785,0.007919,0.012275,-0.640288,0.006391,0.011079
477,1626666124527351000,-0.632549,0.008231,0.012523,-0.632549,0.008231,0.012523,-0.625078,0.005299,0.009499
478,1626666124560677000,-0.617586,0.008225,0.012752,-0.617586,0.008225,0.012752,-0.602747,0.003648,0.007212
479,1626666124594002000,-0.606327,0.008477,0.012971,-0.606327,0.008477,0.012971,-0.572760,0.002201,0.005249
480,1626666124627328000,-0.603299,0.008935,0.013308,-0.603299,0.008935,0.013308,-0.534980,0.001016,0.003639
481,1626666124660654000,-0.601283,0.011055,0.013906,-0.601283,0.011055,0.013906,-0.490261,0.000084,0.002351
482,1626666124693980000,-0.573329,0.013861,0.015549,-0.573329,0.013861,0.015549,-0.439555,-0.000567,0.001497
483,1626666124727306000,-0.494488,0.011166,0.017062,-0.494488,0.011166,0.017062,-0.383897,-0.000908,0.001073
484,1626666124760631000,-0.370570,0.003214,0.019797,-0.370570,0.003214,0.019797,-0.324673,-0.000978,0.001006
485,1626666124793957000,-0.204761,-0.005972,0.018425,-0.204761,-0.005972,0.018425,-0.262651,-0.000883,0.001214
486,1626666124827283000,-0.044313,-0.003513,0.024425,-0.044313,-0.003513,0.024425,-0.200144,-0.000640,0.001654
487,1626666124860608000,0.080821,-0.006693,0.024950,0.080821,-0.006693,0.024950,-0.139133,-0.000302,0.002244
488,1626666124893934000,0.147131,0.000941,0.029384,0.147131,0.000941,0.029384,-0.081132,0.000017,0.002848
489,1626666124927260000,0.177287,-0.003115,0.029286,0.177287,-0.003115,0.029286,-0.028007,0.000304,0.003450
490,1626666124960586000,0.182075,0.003623,0.030741,0.182075,0.003623,0.030741,0.020075,0.000558,0.004047
491,1626666124993911000,0.197411,-0.002527,0.028972,0.197411,-0.002527,0.028972,0.064658,0.000870,0.004604
492,1626666125027237000,0.215539,0.000191,0.029351,0.215539,0.000191,0.029351,0.105237,0.001170,0.005156
493,1626666125060563000,0.245879,-0.003136,0.030559,0.245879,-0.003136,0.030559,0.142005,0.001442,0.005707
494,1626666125093888000,0.279379,-0.003375,0.030067,0.279379,-0.003375,0.030067,0.175500,0.001774,0.006218
495,1626666125127214000,0.308682,-0.001428,0.031018,0.308682,-0.001428,0.031018,0.205935,0.002094,0.006729
496,1626666125160540000,0.339981,-0.003117,0.031028,0.339981,-0.003117,0.031028,0.233634,0.002384,0.007242
497,1626666125193866000,0.367910,-0.001988,0.031793,0.367910,-0.001988,0.031793,0.258678,0.002701,0.007739
498,1626666125227191000,0.404191,-0.002850,0.032510,0.404191,-0.002850,0.032510,0.281442,0.002998,0.008239
499,1626666125260517000,0.449738,-0.002048,0.033797,0.449738,-0.002048,0.033797,0.302215,0.003264,0.008742
500,1626666125293843000,0.501889,-0.001494,0.035447,0.501889,-0.001494,0.035447,0.321235,0.003580,0.009210
501,1626666125327169000,0.544252,-0.001147,0.036455,0.544252,-0.001147,0.036455,0.338651,0.003880,0.009680
502,1626666125360495000,0.557928,0.000875,0.036741,0.557928,0.000875,0.036741,0.354617,0.004150,0.010152
503,1626666125393820000,0.554496,0.002209,0.037572,0.554496,0.002209,0.037572,0.370021,0.004394,0.010645
504,1626666125427146000,0.542415,-0.000411,0.036991,0.542415,-0.000411,0.036991,0.384379,0.004604,0.011144
505,1626666125460472000,0.528837,-0.001016,0.036259,0.528837,-0.001016,0.036259,0.397602,0.004784,0.011643
506,1626666125493797000,0.524847,-0.000891,0.036801,0.524847,-0.000891,0.036801,0.410350,0.004939,0.012159
507,1626666125527123000,0.530953,0.000187,0.036874,0.530953,0.000187,0.036874,0.422201,0.005067,0.012676
508,1626666125560449000,0.546010,-0.000632,0.036922,0.546010,-0.000632,0.036922,0.433077,0.005170,0.013190
509,1626666125593775000,0.556347,-0.001898,0.037490,0.556347,-0.001898,0.037490,0.443591,0.005251,0.013718
510,1626666125627100000,0.557370,-0.001376,0.037436,0.557370,-0.001376,0.037436,0.453358,0.005311,0.014244
511,1626666125660426000,0.548778,-0.002839,0.037676,0.548778,-0.002839,0.037676,0.462305,0.005351,0.014764
512,1626666125693752000,0.533911,-0.003750,0.037408,0.533911,-0.003750,0.037408,0.470958,0.005373,0.015295
513,1626666125727077000,0.524682,-0.005245,0.037252,0.524682,-0.005245,0.037252,0.478958,0.005377,0.015822
514,1626666125760403000,0.525920,-0.007130,0.036929,0.525920,-0.007130,0.036929,0.486237,0.005368,0.016340
515,1626666125793729000,0.537422,-0.004676,0.037439,0.537422,-0.004676,0.037439,0.493309,0.005344,0.016867
516,1626666125827055000,0.551726,-0.004372,0.038050,0.551726,-0.004372,0.038050,0.499846,0.005308,0.017388
517,1626666125860381000,0.557708,-0.005969,0.037642,0.557708,-0.005969,0.037642,0.505786,0.005262,0.017900
518,1626666125893707000,0.554047,-0.004830,0.038032,0.554047,-0.004830,0.038032,0.511518,0.005205,0.018418
519,1626666125927032000,0.541230,-0.005027,0.037691,0.541230,-0.005027,0.037691,0.516772,0.005139,0.018930
520,1626666125960358000,0.527824,-0.007097,0.037146,0.527824,-0.007097,0.037146,0.521505,0.005068,0.019430
521,1626666125993684000,0.524424,-0.007002,0.037459,0.524424,-0.007002,0.037459,0.526031,0.004987,0.019935
522,1626666126027009000,0.530981,-0.004266,0.037913,0.530981,-0.004266,0.037913,0.530144,0.004902,0.020431
523,1626666126060335000,0.545164,-0.001496,0.039187,0.545164,-0.001496,0.039187,0.533817,0.004815,0.020917
524,1626666126093661000,0.556274,-0.005603,0.038406,0.556274,-0.005603,0.038406,0.537308,0.004720,0.021405
525,1626666126126986000,0.557438,-0.006296,0.038591,0.557438,-0.006296,0.038591,0.540461,0.004621,0.021883
526,1626666126160312000,0.548750,-0.004375,0.038309,0.548750,-0.004375,0.038309,0.543261,0.004522,0.022350
527,1626666126193638000,0.533658,-0.003773,0.038131,0.533658,-0.003773,0.038131,0.545842,0.004413,0.022817
528,1626666126226964000,0.524918,-0.006195,0.038030,0.524918,-0.006195,0.038030,0.548095,0.004300,0.023273
529,1626666126260289000,0.526819,-0.005825,0.037779,0.526819,-0.005825,0.037779,0.550022,0.004187,0.023715
530,1626666126293615000,0.538284,-0.002340,0.039261,0.538284,-0.002340,0.039261,0.551598,0.004063,0.024155
531,1626666126326941000,0.552309,-0.000273,0.039327,0.552309,-0.000273,0.039327,0.552731,0.003935,0.024581
532,1626666126360266000,0.557863,-0.002319,0.038676,0.557863,-0.002319,0.038676,0.553439,0.003806,0.024991
533,1626666126393593000,0.553901,-0.005206,0.038540,0.553901,-0.005206,0.038540,0.547656,0.003158,0.026131
534,1626666126426918000,0.540223,-0.005586,0.038145,0.540223,-0.005586,0.038145,0.534550,0.001950,0.028000
535,1626666126460244000,0.524602,-0.005409,0.038122,0.524602,-0.005409,0.038122,0.514553,0.000231,0.030517
536,1626666126493570000,0.515334,-0.007750,0.037526,0.515334,-0.007750,0.037526,0.487420,-0.001442,0.032942
537,1626666126526896000,0.500965,-0.009061,0.037020,0.500965,-0.009061,0.037020,0.452923,-0.003016,0.035237
538,1626666126560221000,0.478323,-0.008079,0.035889,0.478323,-0.008079,0.035889,0.411751,-0.004485,0.037407
539,1626666126593547000,0.432477,-0.011006,0.034702,0.432477,-0.011006,0.034702,0.364607,-0.005869,0.039426
540,1626666126626873000,0.352392,-0.008553,0.033245,0.352392,-0.008553,0.033245,0.312259,-0.007129,0.041269
541,1626666126660198000,0.244216,-0.007367,0.031749,0.244216,-0.007367,0.031749,0.255832,-0.008264,0.042955
542,1626666126693524000,0.113204,-0.007210,0.031157,0.113204,-0.007210,0.031157,0.195766,-0.009344,0.044526
543,1626666126726850000,-0.017775,-0.005906,0.028763,-0.017775,-0.005906,0.028763,0.133943,-0.010338,0.045962
544,1626666126760176000,-0.129811,-0.007262,0.027078,-0.129811,-0.007262,0.027078,0.072065,-0.011242,0.047275
545,1626666126793501000,-0.210557,-0.004313,0.024986,-0.210557,-0.004313,0.024986,0.011444,-0.012009,0.048363
546,1626666126826827000,-0.273552,-0.008344,0.024882,-0.273552,-0.008344,0.024882,-0.045835,-0.012605,0.049209
547,1626666126860153000,-0.322969,-0.005261,0.023556,-0.322969,-0.005261,0.023556,-0.099023,-0.013042,0.049841
548,1626666126893478000,-0.370264,-0.009011,0.022680,-0.370264,-0.009011,0.022680,-0.149288,-0.013436,0.050380
549,1626666126926805000,-0.418875,-0.006385,0.021561,-0.418875,-0.006385,0.021561,-0.195104,-0.013778,0.050827
550,1626666126960130000,-0.450998,-0.006116,0.020515,-0.450998,-0.006116,0.020515,-0.236373,-0.014070,0.051197
551,1626666126993456000,-0.457509,-0.006122,0.020299,-0.457509,-0.006122,0.020299,-0.274174,-0.014307,0.051503
552,1626666127026782000,-0.450278,-0.003851,0.021682,-0.450278,-0.003851,0.021682,-0.308081,-0.014498,0.051737
553,1626666127060107000,-0.434739,-0.002265,0.021302,-0.434739,-0.002265,0.021302,-0.338315,-0.014651,0.051908
554,1626666127093433000,-0.424649,-0.003780,0.021642,-0.424649,-0.003780,0.021642,-0.365393,-0.014762,0.052022
555,1626666127126759000,-0.423732,-0.002111,0.022018,-0.423732,-0.002111,0.022018,-0.389340,-0.014840,0.052077
556,1626666127160085000,-0.431944,0.000235,0.021437,-0.431944,0.000235,0.021437,-0.410464,-0.014892,0.052083
557,1626666127193410000,-0.446793,-0.001301,0.021296,-0.446793,-0.001301,0.021296,-0.429236,-0.014854,0.052080
558,1626666127226736000,-0.455282,-0.003158,0.021369,-0.455282,-0.003158,0.021369,-0.445692,-0.014783,0.052033
559,1626666127260062000,-0.453639,-0.000839,0.021424,-0.453639,-0.000839,0.021424,-0.460076,-0.014695,0.051947
560,1626666127293387000,-0.441652,-0.000115,0.021579,-0.441652,-0.000115,0.021579,-0.473333,-0.014594,0.051806
561,1626666127326713000,-0.427587,-0.002012,0.021985,-0.427587,-0.002012,0.021985,-0.485009,-0.014482,0.051626
562,1626666127360039000,-0.422322,-0.001127,0.022172,-0.422322,-0.001127,0.022172,-0.495131,-0.014366,0.051416
563,1626666127393365000,-0.426263,0.000275,0.021934,-0.426263,0.000275,0.021934,-0.504342,-0.014236,0.051161
564,1626666127426690000,-0.439141,-0.001209,0.021719,-0.439141,-0.001209,0.021719,-0.512313,-0.014099,0.050877
565,1626666127460016000,-0.452384,-0.001341,0.021544,-0.452384,-0.001341,0.021544,-0.519083,-0.013960,0.050572
566,1626666127493342000,-0.455488,0.000268,0.021401,-0.455488,0.000268,0.021401,-0.525065,-0.013809,0.050231
567,1626666127526668000,-0.448518,-0.000614,0.021625,-0.448518,-0.000614,0.021625,-0.530063,-0.013654,0.049870
568,1626666127559994000,-0.433538,-0.001253,0.021966,-0.433538,-0.001253,0.021966,-0.534138,-0.013498,0.049496
569,1626666127593319000,-0.423585,-0.000098,0.022190,-0.423585,-0.000098,0.022190,-0.537489,-0.013331,0.049093
570,1626666127626645000,-0.422899,0.000229,0.022271,-0.422899,0.000229,0.022271,-0.540045,-0.013162,0.048679
571,1626666127659971000,-0.431706,-0.000550,0.022186,-0.431706,-0.000550,0.022186,-0.541889,-0.012995,0.048259
572,1626666127693296000,-0.446415,-0.000263,0.022138,-0.446415,-0.000263,0.022138,-0.543058,-0.012818,0.047817
573,1626666127726622000,-0.454455,0.000191,0.022125,-0.454455,0.000191,0.022125,-0.543565,-0.012641,0.047370
574,1626666127759948000,-0.452055,0.000309,0.022358,-0.452055,0.000309,0.022358,-0.543508,-0.012467,0.046923
575,1626666127793274000,-0.439340,-0.000017,0.022776,-0.439340,-0.000017,0.022776,-0.540156,-0.012508,0.046141
576,1626666127826599000,-0.423525,0.000073,0.023332,-0.423525,0.000073,0.023332,-0.533256,-0.012793,0.045037
577,1626666127859925000,-0.415769,-0.000207,0.024000,-0.415769,-0.000207,0.024000,-0.523093,-0.013307,0.043649
578,1626666127893251000,-0.415685,-0.000228,0.024133,-0.415685,-0.000228,0.024133,-0.506890,-0.014109,0.041832
579,1626666127926576000,-0.420950,-0.000767,0.023890,-0.420950,-0.000767,0.023890,-0.484344,-0.015221,0.039605
580,1626666127959902000,-0.419467,-0.000245,0.024085,-0.419467,-0.000245,0.024085,-0.455985,-0.016618,0.037016
581,1626666127993228000,-0.398130,0.000213,0.024339,-0.398130,0.000213,0.024339,-0.420627,-0.017970,0.034492
582,1626666128026554000,-0.358852,-0.000665,0.025157,-0.358852,-0.000665,0.025157,-0.378362,-0.019249,0.032067
583,1626666128059880000,-0.299334,-0.001594,0.026145,-0.299334,-0.001594,0.026145,-0.329904,-0.020455,0.029735
584,1626666128093206000,-0.229077,-0.003161,0.027621,-0.229077,-0.003161,0.027621,-0.275244,-0.021423,0.027759
585,1626666128126531000,-0.151557,-0.003092,0.029591,-0.151557,-0.003092,0.029591,-0.215303,-0.022115,0.026165
586,1626666128159857000,-0.063351,-0.005175,0.031208,-0.063351,-0.005175,0.031208,-0.151143,-0.022556,0.024909
587,1626666128193183000,0.027441,-0.005490,0.033017,0.027441,-0.005490,0.033017,-0.082602,-0.022835,0.023909
588,1626666128226508000,0.120558,-0.005603,0.035188,0.120558,-0.005603,0.035188,-0.011601,-0.022945,0.023165
589,1626666128259834000,0.215824,-0.004317,0.036468,0.215824,-0.004317,0.036468,0.060220,-0.022917,0.022634
590,1626666128293160000,0.314526,-0.003862,0.038810,0.314526,-0.003862,0.038810,0.132212,-0.022803,0.022254
591,1626666128326485000,0.413351,-0.004229,0.040430,0.413351,-0.004229,0.040430,0.201446,-0.022623,0.022008
592,1626666128359811000,0.493846,-0.003855,0.042495,0.493846,-0.003855,0.042495,0.266102,-0.022409,0.021850
593,1626666128393137000,0.549237,-0.002971,0.043660,0.549237,-0.002971,0.043660,0.327065,-0.022179,0.021744
594,1626666128426463000,0.577830,-0.002709,0.044606,0.577830,-0.002709,0.044606,0.382377,-0.021948,0.021688
595,1626666128459788000,0.586197,-0.004336,0.045012,0.586197,-0.004336,0.045012,0.431931,-0.021719,0.021672
596,1626666128493114000,0.584012,-0.005459,0.045331,0.584012,-0.005459,0.045331,0.477530,-0.021427,0.021661
597,1626666128526440000,0.592049,-0.002632,0.045721,0.592049,-0.002632,0.045721,0.518306,-0.021125,0.021687
598,1626666128559765000,0.606529,-0.003793,0.046089,0.606529,-0.003793,0.046089,0.554448,-0.020832,0.021746
599,1626666128593091000,0.615588,-0.005193,0.046542,0.615588,-0.005193,0.046542,0.586905,-0.020460,0.021791
600,1626666128626417000,0.616021,-0.005624,0.046696,0.616021,-0.005624,0.046696,0.615466,-0.020083,0.021865
601,1626666128659743000,0.606724,-0.005040,0.046553,0.606724,-0.005040,0.046553,0.640456,-0.019722,0.021969
602,1626666128693069000,0.591943,-0.006459,0.046367,0.591943,-0.006459,0.046367,0.662490,-0.019295,0.022062
603,1626666128726395000,0.583754,-0.006953,0.046142,0.583754,-0.006953,0.046142,0.681533,-0.018872,0.022182
604,1626666128759720000,0.585944,-0.006540,0.045997,0.585944,-0.006540,0.045997,0.697898,-0.018471,0.022328
605,1626666128793046000,0.598296,-0.006728,0.046347,0.598296,-0.006728,0.046347,0.712301,-0.018046,0.022489
606,1626666128826372000,0.611972,-0.006657,0.046540,0.611972,-0.006657,0.046540,0.724572,-0.017635,0.022676
607,1626666128859697000,0.616786,-0.006490,0.046675,0.616786,-0.006490,0.046675,0.734900,-0.017249,0.022883
608,1626666128893023000,0.612393,-0.006813,0.046712,0.612393,-0.006813,0.046712,0.743936,-0.016869,0.023124
609,1626666128926349000,0.599242,-0.007449,0.046255,0.599242,-0.007449,0.046255,0.751417,-0.016509,0.023385
610,1626666128959675000,0.586604,-0.007834,0.046336,0.586604,-0.007834,0.046336,0.757458,-0.016173,0.023660
611,1626666128993000000,0.583916,-0.004161,0.047078,0.583916,-0.004161,0.047078,0.762398,-0.015841,0.023964
612,1626666129026326000,0.591720,-0.003747,0.046510,0.591720,-0.003747,0.046510,0.766146,-0.015526,0.024282
613,1626666129059652000,0.606183,-0.004829,0.046753,0.606183,-0.004829,0.046753,0.768836,-0.015232,0.024608
614,1626666129092977000,0.615837,-0.003980,0.046816,0.615837,-0.003980,0.046816,0.770596,-0.014942,0.024958
615,1626666129126303000,0.616561,-0.005297,0.046780,0.616561,-0.005297,0.046780,0.771475,-0.014666,0.025317
616,1626666129159629000,0.607040,-0.007242,0.046685,0.607040,-0.007242,0.046685,0.771623,-0.014408,0.025679
617,1626666129192955000,0.591968,-0.006712,0.046398,0.591968,-0.006712,0.046398,0.770956,-0.014154,0.026060
618,1626666129226281000,0.584149,-0.005413,0.046720,0.584149,-0.005413,0.046720,0.769629,-0.013912,0.026445
619,1626666129259606000,0.586622,-0.004798,0.046901,0.586622,-0.004798,0.046901,0.767806,-0.013686,0.026831
620,1626666129292932000,0.599262,-0.006397,0.046872,0.599262,-0.006397,0.046872,0.765309,-0.013464,0.027230
621,1626666129326258000,0.612754,-0.005157,0.047034,0.612754,-0.005157,0.047034,0.762368,-0.013254,0.027631
622,1626666129359584000,0.617181,-0.003707,0.047151,0.617181,-0.003707,0.047151,0.759139,-0.013059,0.028028
623,1626666129392909000,0.612603,-0.005999,0.046730,0.612603,-0.005999,0.046730,0.755287,-0.012867,0.028436
624,1626666129426235000,0.598729,-0.006927,0.046351,0.598729,-0.006927,0.046351,0.751079,-0.012687,0.028841
625,1626666129459561000,0.585134,-0.006235,0.046208,0.585134,-0.006235,0.046208,0.746677,-0.012520,0.029241
626,1626666129492886000,0.581079,-0.006617,0.046281,0.581079,-0.006617,0.046281,0.740730,-0.012434,0.029758
627,1626666129526212000,0.586462,-0.007530,0.046335,0.586462,-0.007530,0.046335,0.733413,-0.012445,0.030384
628,1626666129559538000,0.597798,-0.008990,0.046761,0.597798,-0.008990,0.046761,0.724952,-0.012546,0.031102
629,1626666129592864000,0.601533,-0.008424,0.046773,0.601533,-0.008424,0.046773,0.711750,-0.012997,0.032323
630,1626666129626189000,0.592816,-0.007839,0.046637,0.592816,-0.007839,0.046637,0.693672,-0.013831,0.034040
631,1626666129659515000,0.571751,-0.007993,0.046153,0.571751,-0.007993,0.046153,0.671171,-0.015018,0.036194
632,1626666129692841000,0.542538,-0.008506,0.045248,0.542538,-0.008506,0.045248,0.643008,-0.016113,0.038209
633,1626666129726166000,0.514284,-0.008430,0.044453,0.514284,-0.008430,0.044453,0.609332,-0.017083,0.040054
634,1626666129759493000,0.486473,-0.008886,0.043259,0.486473,-0.008886,0.043259,0.570746,-0.017935,0.041745
635,1626666129792818000,0.456749,-0.009908,0.042013,0.456749,-0.009908,0.042013,0.527659,-0.018731,0.043333
636,1626666129826144000,0.416876,-0.009478,0.040745,0.416876,-0.009478,0.040745,0.480879,-0.019443,0.044784
637,1626666129859470000,0.353154,-0.008276,0.039627,0.353154,-0.008276,0.039627,0.431175,-0.020065,0.046099
638,1626666129892795000,0.270746,-0.007543,0.038531,0.270746,-0.007543,0.038531,0.378306,-0.020528,0.047163
639,1626666129926121000,0.175531,-0.007127,0.037436,0.175531,-0.007127,0.037436,0.323430,-0.020809,0.047961
640,1626666129959447000,0.081007,-0.006328,0.036457,0.081007,-0.006328,0.036457,0.267231,-0.020924,0.048525
641,1626666129992773000,0.000510,-0.005704,0.034822,0.000510,-0.005704,0.034822,0.208831,-0.020942,0.048923
642,1626666130026098000,-0.065985,-0.007813,0.033835,-0.065985,-0.007813,0.033835,0.149745,-0.020857,0.049151
643,1626666130059424000,-0.118528,-0.006870,0.032763,-0.118528,-0.006870,0.032763,0.090840,-0.020679,0.049229
644,1626666130092750000,-0.168892,-0.007605,0.031709,-0.168892,-0.007605,0.031709,0.031637,-0.020235,0.048912
645,1626666130126075000,-0.227056,-0.006182,0.031032,-0.227056,-0.006182,0.031032,-0.025988,-0.019544,0.048245
646,1626666130159401000,-0.294468,-0.006124,0.029670,-0.294468,-0.006124,0.029670,-0.081082,-0.018675,0.047324
647,1626666130192727000,-0.360182,-0.004896,0.028561,-0.360182,-0.004896,0.028561,-0.133529,-0.017819,0.046401
648,1626666130226053000,-0.408039,-0.004764,0.027483,-0.408039,-0.004764,0.027483,-0.181578,-0.017012,0.045503
649,1626666130259378000,-0.431898,-0.005180,0.026807,-0.431898,-0.005180,0.026807,-0.224975,-0.016266,0.044643
650,1626666130292705000,-0.439015,-0.004348,0.026663,-0.439015,-0.004348,0.026663,-0.265507,-0.015520,0.043826
651,1626666130326030000,-0.437159,-0.002406,0.026302,-0.437159,-0.002406,0.026302,-0.302152,-0.014819,0.043048
652,1626666130359356000,-0.433932,-0.001885,0.026730,-0.433932,-0.001885,0.026730,-0.334937,-0.014172,0.042306
653,1626666130392682000,-0.438955,-0.000700,0.027124,-0.438955,-0.000700,0.027124,-0.365039,-0.013501,0.041618
654,1626666130426007000,-0.452217,-0.000033,0.026123,-0.452217,-0.000033,0.026123,-0.391947,-0.012865,0.040964
655,1626666130459333000,-0.464545,-0.000532,0.026032,-0.464545,-0.000532,0.026032,-0.415804,-0.012277,0.040340
656,1626666130492659000,-0.466546,-0.002553,0.025710,-0.466546,-0.002553,0.025710,-0.437786,-0.011692,0.039744
657,1626666130525984000,-0.458475,-0.000472,0.026306,-0.458475,-0.000472,0.026306,-0.457333,-0.011144,0.039174
658,1626666130559310000,-0.443288,0.002152,0.026301,-0.443288,0.002152,0.026301,-0.474516,-0.010639,0.038630
659,1626666130592636000,-0.433979,-0.002699,0.026848,-0.433979,-0.002699,0.026848,-0.490346,-0.010151,0.038098
660,1626666130625962000,-0.434079,-0.002932,0.027008,-0.434079,-0.002932,0.027008,-0.504287,-0.009698,0.037589
661,1626666130659287000,-0.443812,0.001020,0.026387,-0.443812,0.001020,0.026387,-0.516375,-0.009281,0.037103
662,1626666130692613000,-0.458551,-0.001590,0.026376,-0.458551,-0.001590,0.026376,-0.527367,-0.008877,0.036628
663,1626666130725939000,-0.465818,-0.002876,0.026308,-0.465818,-0.002876,0.026308,-0.536883,-0.008502,0.036174
664,1626666130759264000,-0.462905,-0.001395,0.026288,-0.462905,-0.001395,0.026288,-0.544973,-0.008156,0.035742
665,1626666130792590000,-0.450191,-0.001650,0.026677,-0.450191,-0.001650,0.026677,-0.552103,-0.007819,0.035320
666,1626666130825916000,-0.437070,0.004265,0.026641,-0.437070,0.004265,0.026641,-0.558045,-0.007504,0.034919
667,1626666130859242000,-0.432761,-0.000392,0.026854,-0.432761,-0.000392,0.026854,-0.562879,-0.007212,0.034537
668,1626666130892568000,-0.437810,-0.003011,0.027084,-0.437810,-0.003011,0.027084,-0.566890,-0.006925,0.034165
669,1626666130925894000,-0.451477,-0.001118,0.026703,-0.451477,-0.001118,0.026703,-0.569993,-0.006654,0.033812
670,1626666130959219000,-0.463707,-0.001026,0.026737,-0.463707,-0.001026,0.026737,-0.572285,-0.006400,0.033478
671,1626666130992545000,-0.465481,-0.001287,0.026798,-0.465481,-0.001287,0.026798,-0.573856,-0.006148,0.033154
672,1626666131025871000,-0.457417,0.000159,0.027295,-0.457417,0.000159,0.027295,-0.574728,-0.005906,0.032848
673,1626666131059196000,-0.442206,0.000534,0.027386,-0.442206,0.000534,0.027386,-0.575011,-0.005676,0.032560
674,1626666131092522000,-0.433119,0.000794,0.027788,-0.433119,0.000794,0.027788,-0.574645,-0.005445,0.032282
675,1626666131125848000,-0.433042,0.002060,0.028030,-0.433042,0.002060,0.028030,-0.573734,-0.005221,0.032022
676,1626666131159174000,-0.442678,0.003362,0.028134,-0.442678,0.003362,0.028134,-0.572400,-0.005007,0.031778
677,1626666131192499000,-0.457149,0.003635,0.027922,-0.457149,0.003635,0.027922,-0.570519,-0.004791,0.031545
678,1626666131225825000,-0.463322,0.004663,0.028086,-0.463322,0.004663,0.028086,-0.568253,-0.004583,0.031327
679,1626666131259151000,-0.457415,0.005268,0.028547,-0.457415,0.005268,0.028547,-0.565725,-0.004385,0.031123
680,1626666131292476000,-0.440723,0.006102,0.029111,-0.440723,0.006102,0.029111,-0.562708,-0.004187,0.030929
681,1626666131325802000,-0.423191,0.007135,0.029656,-0.423191,0.007135,0.029656,-0.559408,-0.003999,0.030749
682,1626666131359128000,-0.415307,0.007554,0.030109,-0.415307,0.007554,0.030109,-0.555954,-0.003821,0.030581
683,1626666131392454000,-0.416588,0.006800,0.030289,-0.416588,0.006800,0.030289,-0.552118,-0.003648,0.030421
684,1626666131425780000,-0.425466,0.006299,0.030112,-0.425466,0.006299,0.030112,-0.548136,-0.003485,0.030272
685,1626666131459105000,-0.432780,0.005968,0.029983,-0.432780,0.005968,0.029983,-0.544127,-0.003334,0.030133
686,1626666131492431000,-0.431551,0.004965,0.029753,-0.431551,0.004965,0.029753,-0.539817,-0.003187,0.030000
687,1626666131525757000,-0.423299,0.002659,0.029631,-0.423299,0.002659,0.029631,-0.535457,-0.003051,0.029877
688,1626666131559083000,-0.408326,0.000392,0.029653,-0.408326,0.000392,0.029653,-0.531163,-0.002926,0.029761
689,1626666131592408000,-0.399851,0.001646,0.029794,-0.399851,0.001646,0.029794,-0.526628,-0.002804,0.029652
690,1626666131625734000,-0.400569,0.001080,0.029635,-0.400569,0.001080,0.029635,-0.522108,-0.002692,0.029551
691,1626666131659060000,-0.410851,-0.000367,0.029301,-0.410851,-0.000367,0.029301,-0.517708,-0.002590,0.029457
692,1626666131692385000,-0.425743,-0.003003,0.029132,-0.425743,-0.003003,0.029132,-0.513152,-0.002490,0.029368
693,1626666131725711000,-0.432556,-0.000242,0.028605,-0.432556,-0.000242,0.028605,-0.508688,-0.002398,0.029285
694,1626666131759037000,-0.429286,-0.001559,0.028777,-0.429286,-0.001559,0.028777,-0.504409,-0.002314,0.029208
695,1626666131792363000,-0.416520,-0.001949,0.029243,-0.416520,-0.001949,0.029243,-0.499961,-0.002232,0.029137
696,1626666131825688000,-0.403181,-0.001216,0.029002,-0.403181,-0.001216,0.029002,-0.495582,-0.002157,0.029073
697,1626666131859014000,-0.399482,-0.000591,0.029290,-0.399482,-0.000591,0.029290,-0.491362,-0.002088,0.029015
698,1626666131892340000,-0.404828,-0.001930,0.029318,-0.404828,-0.001930,0.029318,-0.484149,-0.002253,0.028633
699,1626666131925665000,-0.418246,-0.003089,0.028923,-0.418246,-0.003089,0.028923,-0.473804,-0.002676,0.027925
700,1626666131958991000,-0.430379,-0.002338,0.028633,-0.430379,-0.002338,0.028633,-0.460591,-0.003338,0.026925
701,1626666131992317000,-0.432198,-0.001528,0.028681,-0.432198,-0.001528,0.028681,-0.440745,-0.003968,0.025993
702,1626666132025643000,-0.423379,-0.001510,0.028984,-0.423379,-0.001510,0.028984,-0.413915,-0.004549,0.025139
703,1626666132058969000,-0.407075,0.000271,0.029594,-0.407075,0.000271,0.029594,-0.380661,-0.005082,0.024354
704,1626666132092294000,-0.388763,0.000419,0.031152,-0.388763,0.000419,0.031152,-0.341387,-0.005605,0.023616
705,1626666132125620000,-0.349767,-0.004650,0.031204,-0.349767,-0.004650,0.031204,-0.296693,-0.006104,0.022934
706,1626666132158946000,-0.278871,0.001045,0.034070,-0.278871,0.001045,0.034070,-0.247648,-0.006578,0.022300
707,1626666132192272000,-0.186549,-0.006778,0.036673,-0.186549,-0.006778,0.036673,-0.194772,-0.007050,0.021704
708,1626666132225597000,-0.072747,-0.005088,0.037880,-0.072747,-0.005088,0.037880,-0.139801,-0.007507,0.021152
709,1626666132258923000,0.052615,-0.004583,0.040854,0.052615,-0.004583,0.040854,-0.084417,-0.007943,0.020645
710,1626666132292249000,0.172374,-0.005941,0.042205,0.172374,-0.005941,0.042205,-0.029865,-0.008363,0.020189
711,1626666132325574000,0.250476,-0.005773,0.043731,0.250476,-0.005773,0.043731,0.021335,-0.008753,0.019795
712,1626666132358900000,0.267845,-0.007217,0.043265,0.267845,-0.007217,0.043265,0.067900,-0.009104,0.019465
713,1626666132392226000,0.263197,-0.004252,0.045133,0.263197,-0.004252,0.045133,0.111589,-0.009430,0.019198
714,1626666132425552000,0.252356,-0.012196,0.044228,0.252356,-0.012196,0.044228,0.151018,-0.009721,0.018994
715,1626666132458877000,0.239780,-0.006862,0.042695,0.239780,-0.006862,0.042695,0.186151,-0.009980,0.018840
716,1626666132492203000,0.238491,-0.007236,0.043330,0.238491,-0.007236,0.043330,0.218241,-0.010186,0.018719
717,1626666132525529000,0.247254,-0.010309,0.043662,0.247254,-0.010309,0.043662,0.246725,-0.010359,0.018646
718,1626666132558855000,0.262042,-0.007736,0.043299,0.262042,-0.007736,0.043299,0.271783,-0.010509,0.018614
719,1626666132592181000,0.270514,-0.008322,0.043510,0.270514,-0.008322,0.043510,0.293955,-0.010626,0.018616
720,1626666132625506000,0.269816,-0.007915,0.043522,0.269816,-0.007915,0.043522,0.313220,-0.010724,0.018659
721,1626666132658832000,0.259583,-0.007752,0.042997,0.259583,-0.007752,0.042997,0.329880,-0.010808,0.018735
722,1626666132692158000,0.244956,-0.008416,0.042784,0.244956,-0.008416,0.042784,0.344165,-0.010824,0.018808
723,1626666132725484000,0.238047,-0.007674,0.043112,0.238047,-0.007674,0.043112,0.356230,-0.010819,0.018910
724,1626666132758809000,0.241483,-0.008150,0.043086,0.241483,-0.008150,0.043086,0.366377,-0.010809,0.019040
725,1626666132792135000,0.254389,-0.008865,0.043686,0.254389,-0.008865,0.043686,0.375345,-0.010797,0.019210
726,1626666132825461000,0.267184,-0.008586,0.043921,0.267184,-0.008586,0.043921,0.382868,-0.010785,0.019407
727,1626666132858786000,0.270717,-0.009000,0.044157,0.270717,-0.009000,0.044157,0.389041,-0.010774,0.019625
728,1626666132892112000,0.265006,-0.010937,0.043706,0.265006,-0.010937,0.043706,0.394204,-0.010762,0.019876
729,1626666132925438000,0.250936,-0.011679,0.043304,0.250936,-0.011679,0.043304,0.398238,-0.010750,0.020147
730,1626666132958763000,0.238940,-0.009492,0.043195,0.238940,-0.009492,0.043195,0.401257,-0.010739,0.020431
731,1626666132992089000,0.237707,-0.010775,0.042815,0.237707,-0.010775,0.042815,0.403403,-0.010724,0.020743
732,1626666133025415000,0.246143,-0.011147,0.043226,0.246143,-0.011147,0.043226,0.404695,-0.010709,0.021070
733,1626666133058741000,0.260963,-0.008539,0.043595,0.260963,-0.008539,0.043595,0.405264,-0.010692,0.021405
734,1626666133092066000,0.269504,-0.010591,0.043720,0.269504,-0.010591,0.043720,0.403893,-0.010773,0.021906
735,1626666133125393000,0.268579,-0.010504,0.043762,0.268579,-0.010504,0.043762,0.400542,-0.010963,0.022560
736,1626666133158718000,0.257965,-0.009684,0.043552,0.257965,-0.009684,0.043552,0.395427,-0.011253,0.023346
737,1626666133192044000,0.243464,-0.010866,0.043206,0.243464,-0.010866,0.043206,0.387898,-0.011675,0.024339
738,1626666133225370000,0.237203,-0.010315,0.043258,0.237203,-0.010315,0.043258,0.378078,-0.012231,0.025518
739,1626666133258695000,0.240439,-0.008689,0.043562,0.240439,-0.008689,0.043562,0.366319,-0.012905,0.026851
740,1626666133292021000,0.252800,-0.007608,0.044101,0.252800,-0.007608,0.044101,0.352845,-0.013656,0.028304
741,1626666133325347000,0.258892,-0.003906,0.045198,0.258892,-0.003906,0.045198,0.338144,-0.014467,0.029840
742,1626666133358673000,0.238926,-0.015013,0.044420,0.238926,-0.015013,0.044420,0.322690,-0.015313,0.031427
743,1626666133391998000,0.184332,-0.010202,0.043878,0.184332,-0.010202,0.043878,0.306748,-0.016143,0.032997
744,1626666133425324000,0.101725,-0.012558,0.042681,0.101725,-0.012558,0.042681,0.291064,-0.016927,0.034511
745,1626666133458650000,0.049899,-0.009222,0.042413,0.049899,-0.009222,0.042413,0.276066,-0.017645,0.035947
746,1626666133491975000,0.048875,-0.008207,0.042426,0.048875,-0.008207,0.042426,0.261282,-0.018306,0.037303
747,1626666133525301000,0.057329,-0.007540,0.040486,0.057329,-0.007540,0.040486,0.247312,-0.018891,0.038559
748,1626666133558627000,0.072154,-0.010266,0.041320,0.072154,-0.010266,0.041320,0.234315,-0.019404,0.039723
749,1626666133591953000,0.081088,-0.010562,0.042114,0.081088,-0.010562,0.042114,0.221592,-0.019868,0.040817
750,1626666133625278000,0.080541,-0.008268,0.041832,0.080541,-0.008268,0.041832,0.209639,-0.020272,0.041825
751,1626666133658604000,0.070079,-0.010630,0.041654,0.070079,-0.010630,0.041654,0.198573,-0.020622,0.042757
752,1626666133691930000,0.055355,-0.010821,0.041637,0.055355,-0.010821,0.041637,0.187754,-0.020932,0.043627
753,1626666133725256000,0.048895,-0.009778,0.041343,0.048895,-0.009778,0.041343,0.177607,-0.021197,0.044425
754,1626666133758582000,0.052819,-0.010545,0.041443,0.052819,-0.010545,0.041443,0.168230,-0.021420,0.045158
755,1626666133791907000,0.066069,-0.010189,0.041912,0.066069,-0.010189,0.041912,0.159095,-0.021610,0.045839
756,1626666133825233000,0.078809,-0.009453,0.041907,0.078809,-0.009453,0.041907,0.150578,-0.021766,0.046459
757,1626666133858559000,0.082003,-0.009926,0.042261,0.082003,-0.009926,0.042261,0.142758,-0.021890,0.047026
758,1626666133891884000,0.076293,-0.009773,0.042168,0.076293,-0.009773,0.042168,0.135110,-0.021988,0.047547
759,1626666133925210000,0.062259,-0.010360,0.041934,0.062259,-0.010360,0.041934,0.127981,-0.022060,0.048017
760,1626666133958536000,0.050806,-0.010500,0.041848,0.050806,-0.010500,0.041848,0.121449,-0.022109,0.048442
761,1626666133991862000,0.049742,-0.010215,0.041832,0.049742,-0.010215,0.041832,0.115064,-0.022135,0.048829
762,1626666134025187000,0.058833,-0.010470,0.042082,0.058833,-0.010470,0.042082,0.109139,-0.022142,0.049173
763,1626666134058513000,0.073656,-0.010107,0.042380,0.073656,-0.010107,0.042380,0.103739,-0.022133,0.049480
764,1626666134091839000,0.081787,-0.009956,0.042555,0.081787,-0.009956,0.042555,0.098511,-0.022105,0.049754
765,1626666134125164000,0.080744,-0.009903,0.042519,0.080744,-0.009903,0.042519,0.093703,-0.022063,0.049994
766,1626666134158490000,0.070084,-0.010361,0.042295,0.070084,-0.010361,0.042295,0.089359,-0.022011,0.050204
767,1626666134191816000,0.056759,-0.009518,0.042018,0.056759,-0.009518,0.042018,0.085164,-0.021944,0.050384
768,1626666134225142000,0.048649,-0.009503,0.042012,0.048649,-0.009503,0.042012,0.081313,-0.021868,0.050537
769,1626666134258468000,0.053329,-0.010986,0.041981,0.053329,-0.010986,0.041981,0.077840,-0.021785,0.050666
770,1626666134291793000,0.066864,-0.010635,0.042401,0.066864,-0.010635,0.042401,0.074539,-0.021689,0.050770
771,1626666134325119000,0.079146,-0.009598,0.042673,0.079146,-0.009598,0.042673,0.071560,-0.021587,0.050852
